"","Return AMZN","S&P500"
"1",-0.461970871985734,1.591608159
"2",0.588264857206915,0.311083259
"3",-1.82817857212269,0.054537178
"4",-1.71596202828264,0.399321769
"5",2.67168588560556,0.287758302
"6",-2.43350975028396,0.174523163
"7",-2.29770260880831,-0.942544577
"8",1.37255762112455,0.829145632
"9",-1.37255762112455,0.242348622
"10",-0.165035207779776,-1.088212662
"11",0.368991193934392,1.242215106
"12",-1.44444044172936,-1.065438625
"13",0.665615764395193,-1.912665764
"14",-4.1852533743192,-2.2389779
"15",-0.926623664401672,0.458755857
"16",-0.692270996499742,-0.421205753
"17",2.70007482179164,0.486828282
"18",2.63701992401516,-1.188812581
"19",-0.493156418344058,-0.987779889
"20",-5.35579175011538,1.416530528
"21",-0.632940195656515,1.288952056
"22",0.826237729502108,-0.548935039
"23",-2.68906264067544,-3.163585611
"24",1.2428883209929,0.289293031
"25",-0.478181252387014,-0.890280294
"26",1.02189171206078,1.295584243
"27",-0.569267861303847,-0.223506976
"28",2.29952860087224,0.96338825
"29",-0.358700697430796,-0.274836618
"30",-1.79608097536345,1.784065321
"31",-1.04345884807756,0.422900492
"32",1.51033546343103,0.656315752
"33",-0.475387145177973,0.218423491
"34",0.416087724732164,-0.104640496
"35",-0.654628480170619,-1.217664478
"36",2.09325925536541,0.967351911
"37",-1.27776117460346,-0.208320871
"38",0.169065975051018,0.140439271
"39",5.05582181320576,1.010725769
"40",0.791780839003925,0.232773131
"41",0.286373597083137,0.04291091
"42",2.07538305070305,0.37291564
"43",0.295218514265757,1.391028239
"44",0.926573671677566,-0.017561128
"45",-0.996411874305747,0.171127187
"46",1.30336784100636,0.451435475
"47",2.32507504015961,0.403337442
"48",-1.32631555425028,-0.021736957
"49",-0.524817305385615,0.045209303
"50",0.502045786756067,0.774901483
"51",-0.342034323347329,0.580479533
"52",1.07535988823073,-0.032589923
"53",-1.83197627803977,-0.509942676
"54",0.0920136532824793,0.50823598
"55",-0.931748178923194,0.714537748
"56",-0.948318072177654,-0.550844768
"57",5.09300856475029,-0.170562174
"58",0.24463632597142,0.073745117
"59",0.044412615693696,0.566714641
"60",1.07473026809761,0.004265861
"61",-0.594823110259663,-0.327824247
"62",-2.96008305227602,0.738645411
"63",-0.243063542648657,0.789672875
"64",3.04834908607038,0.168287888
"65",-0.510301752920716,-0.589404277
"66",4.41648973913171,0.336866123
"67",-0.640532389956876,0.666166854
"68",0.810641586490529,0.176505056
"69",-0.73926480857889,0.068516658
"70",2.89711933774771,1.108836261
"71",1.06171832783013,0.084218438
"72",-2.53495218027311,-1.625798237
"73",0.182709121960314,0.451114103
"74",1.23506022468659,0.802604539
"75",1.53462467163427,-0.101951682
"76",2.46876367547939,0.226132103
"77",-4.39945042621472,0.709826739
"78",2.39400298043553,-0.430570397
"79",-3.52126921407606,-2.365964027
"80",-1.89791239339874,0.644195803
"81",1.69350139711297,1.286018033
"82",-3.32131806241927,-1.678781024
"83",0.284059322347883,1.303525799
"84",-5.73253057785008,-2.41271998
"85",0.84368579990555,-0.660834225
"86",-1.71009097288641,-3.288844091
"87",-2.94081175423375,-1.542664571
"88",4.92548151241573,4.303470364
"89",-0.634184360469176,-0.340307557
"90",2.58024224238964,1.36459925
"91",-1.80904461333271,-1.221950029
"92",-2.26163639730551,-1.897898078
"93",0.295218514265757,0.110875301
"94",-2.06128617135327,-1.429763127
"95",-1.34733415654146,-0.514346886
"96",-3.99561712957085,-3.975579582
"97",2.48332028578195,1.491263204
"98",-0.490115333489956,-1.299204634
"99",2.21889252098905,0.035387487
"100",-1.33029091222156,-0.567707858
"101",2.79318551287611,3.23473123
"102",-0.983508895118435,-1.245189288
"103",-1.78533171979594,-1.73143531
"104",2.46055294518549,2.551442816
"105",1.92109806468466,0.404319183
"106",-4.76375058418601,-3.501744193
"107",-0.620963677746943,-1.362446599
"108",-2.63250080436362,1.091626736
"109",-0.785636142294474,-0.595939713
"110",4.39685530075916,2.907984622
"111",-0.146198857637381,0.437011596
"112",0.648145343420336,-0.18062942
"113",2.4016744756171,2.322245007
"114",0.0472972346430213,-0.055608925
"115",-0.799088864605795,0.128218607
"116",-0.0476696336388065,0.13162644
"117",-2.64126710444116,-0.386429831
"118",-0.196034530654666,-1.620122456
"119",-0.705615840072088,-0.298993969
"120",-2.6025282448306,-1.694628353
"121",2.23131972983893,0.285528253
"122",-2.6802248912362,-0.20360101
"123",-8.12248031851791,-3.15082303
"124",0.596688777333203,-1.016445369
"125",1.54393857217874,-0.324571348
"126",-1.65383143987771,-0.467327173
"127",0.839420086416394,0.534472637
"128",3.01602531112449,3.085002306
"129",2.42990486803793,0.936865451
"130",0.890875334085294,0.717806382
"131",1.90063580216072,0.073263355
"132",3.4054943528321,1.52618229
"133",-0.283457564091313,-0.015514378
"134",-1.01077237702341,0.119538808
"135",-2.96841587813775,-2.924290916
"136",1.21630824657808,0.596406948
"137",0.133307801778058,1.135187374
"138",-2.24823010561585,-1.290269898
"139",2.22324946656368,2.22636877
"140",-1.00444218124394,0.818641997
"141",-0.396174488839011,1.113790909
"142",-1.07843358725813,-0.104990836
"143",0,-0.694603269
"144",-0.230775778567685,-0.41672926
"145",0.877533213801344,0.006349784
"146",1.83229282210742,2.178352809
"147",1.93828330430973,-0.480789427
"148",4.12858954045234,0.60328778
"149",0.195763733546229,-0.126932927
"150",0.382592684361527,-0.371091561
"151",0.396652265844256,0.546808674
"152",0.904072912781465,-0.598528119
"153",-3.21259486208572,-2.858340609
"154",0.530798638183709,-0.5393267
"155",-1.48858151682889,-0.403169039
"156",1.10066351949047,0.01204514
"157",2.18892432276786,1.211848944
"158",0.611191423537383,0.148168038
"159",-1.61732321560317,-1.708043558
"160",0.148828601091014,-0.366975441
"161",-0.912102564882137,-0.404849074
"162",-1.64858512094239,-1.461876814
"163",1.84586275757737,0.328394475
"164",-1.58121526360691,-0.771446625
"165",1.41552900337894,1.645071029
"166",-2.27618180544417,-1.482861123
"167",0.836623806283316,0.039071798
"168",5.95543809339792,2.907773638
"169",2.03219685232556,0.903985342
"170",2.61327717898529,1.313239363
"171",-1.13764643815247,-1.153749146
"172",1.38951287581772,0.641805922
"173",0.887245361139493,0.482065243
"174",1.45678055306923,0.485154493
"175",1.82955603528008,1.106912608
"176",0.467639242722442,-0.071337319
"177",-0.206046091503594,0.353488318
"178",1.82579360325293,-0.036440996
"179",0.128184866470238,0.082651443
"180",1.98924916096685,1.509528778
"181",-0.377451033754599,-0.256731344
"182",0.727135678180348,-0.48371728
"183",0.669560052429008,-0.836623996
"184",5.02688261035803,2.097291564
"185",-0.849740219658538,-0.568355339
"186",0.206852493773585,0.483866074
"187",-0.44556978266083,-0.259111314
"188",-1.22134533963944,-0.308848645
"189",-2.15601294355987,0.440671431
"190",1.08703235860794,-0.806738658
"191",3.46584749579967,2.064672277
"192",-3.45941549977113,-0.06722302
"193",0.558290669842551,-0.164787549
"194",-0.461806339188417,0.610361247
"195",-1.63332685617705,0.014582638
"196",2.22942066558561,0.381148431
"197",-0.840690351783152,0.709578551
"198",0.23173554205379,-0.364803219
"199",5.69226333850403,0.202543218
"200",-0.658138274336831,0.721763509
"201",-3.03533221272921,-1.600464444
"202",0,1.046908302
"203",3.89370841083204,0.17723371
"204",2.49040342994671,0.238640854
"205",-0.0768964625934784,0.214467009
"206",0.560554356680077,0.001688554
"207",-1.44612373632436,-0.269421008
"208",-0.400777577295229,0.112421713
"209",-0.969682689945808,-0.043938336
"210",-1.61682178341579,0.094608562
"211",1.24088451938964,0.772933572
"212",2.31786525199288,0.367130674
"213",0.272668816346668,1.909930469
"214",1.0833258825111,0.391507906
"215",0.711871933739304,-0.212321016
"216",-1.00509287352053,-0.808489488
"217",1.78118675672493,0.436653397
"218",-1.72247902823418,-0.425114999
"219",-2.79143383723534,-1.187876614
"220",-4.17831390541348,-0.121817736
"221",-0.707338445406765,-1.633815726
"222",0.36061595463918,0.021214038
"223",3.60946532485366,1.524058305
"224",0.395154768187759,0.253715186
"225",3.32359095524482,-0.157660834
"226",-1.29361916553208,-1.438703214
"227",5.24074357092991,1.481271626
"228",-0.0282144171279023,-0.749659212
"229",1.2840502685797,-0.137980972
"230",-2.30504781961984,-0.608871566
"231",0.653509363619225,2.138662188
"232",-0.0113311430316615,1.273710016
"233",-0.482670946044013,0.259985431
"234",1.34003080969943,-0.129908225
"235",-0.721495139692079,0.051494768
"236",-0.271914858571468,0.369492551
"237",-0.82018287658393,0.383538381
"238",0.439404363677593,0.598370341
"239",-0.783149182065436,0.004831953
"240",-0.178062598079646,0.091054178
"241",0.932743999141696,-0.513561754
"242",1.39703411793917,0.616604599
"243",-0.258698196393519,0.083645441
"244",3.16483369262004,0.254511156
"245",0.793400003540047,0.601199422
"246",0.00540986719584936,0.337385744
"247",-1.1814478258633,-0.164568155
"248",-0.246756359224638,0.06125092
"249",-0.578149348460369,0.077102683
"250",1.25118191290124,0.100863609
"251",-0.338684366391099,-0.150935737
"252",-1.51622477396775,-0.019080747
"253",2.31738500981713,1.125129378
"254",0.427914965756288,-0.13139247
"255",1.29422263785131,0.499467653
"256",-0.835836951487056,-0.212521436
"257",-0.19927083153694,-0.184648609
"258",-0.437643945883079,-0.137727518
"259",-0.184270286890332,0.371820589
"260",-0.141140027453185,0.896725422
"261",0.784613205687079,-0.171221111
"262",1.72067994803115,0.735740998
"263",1.31580845775112,0.137546481
"264",-2.31683115290505,-1.016716611
"265",-2.66262400057988,-0.129579826
"266",-2.52671293520414,0.241063774
"267",-0.321784224120857,0.581931505
"268",-0.084858723082411,0.026342786
"269",-0.744130227925477,0.421202401
"270",5.03663477096471,0.224179092
"271",-7.48964786313747,-1.801380524
"272",-0.880339043518561,0.76333497
"273",1.44552743805734,1.655579207
"274",0.821667624759307,-0.272623062
"275",0.103679307115777,0.235143283
"276",1.26988664515238,0.288011066
"277",0.283800860177969,0.622078257
"278",3.68897995670721,0.417602003
"279",1.21621924500226,-0.278965277
"280",0.48989572043602,0.074921203
"281",1.61937856319218,0.549226128
"282",0.616325603688876,0.238208474
"283",-0.732642102253857,-0.32401543
"284",-1.28312903184452,0.623793831
"285",0.609008789956449,0.307097131
"286",-0.673328582915741,0.192287268
"287",-3.31437839406231,-2.07422054
"288",-2.09473080345735,-0.613071502
"289",0.603792157467678,-0.099487133
"290",-0.287329414172563,1.049524794
"291",-2.25383232841854,0.554568009
"292",-2.24675576007547,-1.586486206
"293",1.51118787197589,0.161389762
"294",0.446617143698257,1.707243511
"295",-0.650292618084743,-0.740539033
"296",-1.52020301052693,-0.837621485
"297",-1.30370807639686,0.888316122
"298",1.28596401367831,-0.136263082
"299",-1.73637465082185,-1.90512811
"300",1.15498005458819,0.705556457
"301",-0.800488735630337,-0.606769646
"302",-0.994549658176464,-1.126354476
"303",-0.230459803106086,-1.968748176
"304",-2.29076005381824,1.330926637
"305",0.52666312071578,0.43009394
"306",1.6547518037743,1.487466797
"307",-1.17389336612979,-0.355688507
"308",1.65897979715766,0.290974185
"309",3.43651839797043,0.929739335
"310",-0.0701648761821086,0.315615127
"311",-0.95789525101745,-0.275161894
"312",3.06445410556928,0.703523961
"313",2.71172592350513,0.666246311
"314",0.39494252090892,-0.183117732
"315",0,0.495071285
"316",1.54794009675672,0.034515023
"317",1.27638863549408,-0.018007128
"318",-1.37483381789189,0.218129662
"319",1.16954525142536,-0.152116248
"320",-0.108217636256784,-0.401248314
"321",-0.363397823641458,-0.279728829
"322",-1.95331411054842,-0.780709563
"323",0.997884099790519,0.019021749
"324",-0.258156195115197,0.008367358
"325",-1.00048480669482,0.391772869
"326",-0.93205588487131,-1.107899768
"327",0.268793417501569,0.571480986
"328",2.78492065199434,1.342443496
"329",1.0926136566903,0.526290885
"330",-0.25315841470138,-0.159393964
"331",-1.69698132515054,0.893950762
"332",7.56701174589272,0.623039784
"333",-0.796531120854018,0.354911826
"334",0.378628670985785,0.229801983
"335",2.71049540407439,-0.175424863
"336",-1.37125810300805,-0.338502668
"337",0.76301961857453,-0.687891438
"338",-1.44054066855141,-0.911121666
"339",0.248286206599196,0.381264256
"340",1.60645870796736,0.453387018
"341",1.55164399850725,0.804161592
"342",0.215518790541059,-1.11736896
"343",0.823492021464306,0.488349341
"344",-1.71798217807453,-0.810004639
"345",-5.08880546243371,-0.622371877
"346",1.18766398688428,-0.03686291
"347",1.16357425824071,0.876527255
"348",0.863885240391045,0.217557268
"349",-0.0754857256285485,-0.771797457
"350",-1.23079682251661,-1.199726528
"351",-1.51482881377539,-0.082772278
"352",-0.523959906259101,0.317811361
"353",1.41509619325265,0.394532224
"354",-0.447149507052594,0.407261594
"355",1.31008319368655,1.053701442
"356",-2.20523883835119,-2.304822544
"357",0.647586793045281,-0.122558655
"358",-2.7909694294288,-0.978149249
"359",-1.40640532995957,-1.081851583
"360",0.996686514048726,-0.09568654
"361",0.266240834591843,-0.419566379
"362",0.863050398334041,0.735040901
"363",-1.67463261574862,-1.407848325
"364",-0.128751696960945,0.066853289
"365",1.95089988049895,1.253291344
"366",-2.11744409884215,-1.758556937
"367",-1.26073799475275,0.175279821
"368",1.47021786693867,0.304039001
"369",0.721757798907876,0.538068882
"370",3.40915069966005,1.33341797
"371",-1.34765476775487,-0.648945993
"372",1.31161264475597,-0.283199313
"373",-0.832670617862479,-1.179507731
"374",4.41920404573862,0.914253711
"375",0.545098467479514,1.286129245
"376",0.900302248392536,0.824863336
"377",0.151717552540295,1.0068372
"378",2.41569304107447,1.430686888
"379",1.75077668642127,-0.13370725
"380",0.467968466280137,0.100105795
"381",1.1835020643409,1.039958289
"382",0.708013617279559,-0.69854582
"383",-2.66013688176343,-1.825616724
"384",-0.622970065667785,-0.444336938
"385",1.06892644062321,0.310102707
"386",-1.47213895910337,-0.673878268
"387",1.17661841784265,0.55390559
"388",-0.631479958447507,-0.816311812
"389",3.04034174348511,1.61771496
"390",-1.15773299954201,-0.067105792
"391",-1.09152867726345,1.345526278
"392",1.54053120644273,0.090743973
"393",-1.40929238182879,-0.565899536
"394",0.322673370540523,-0.411342058
"395",3.82002528930664,-2.051772423
"396",0.618249362402674,-0.323920738
"397",-0.618249362402658,-0.647142756
"398",-0.540735352468467,-0.414086095
"399",-4.44394856884973,-2.588890874
"400",-0.825309424604048,0.500314596
"401",-4.12269686994198,-4.900165543
"402",0.603693763339445,-0.057508265
"403",-4.54164837326746,-6.895836943
"404",5.71383327569266,4.631744075
"405",-5.49208241887878,-4.515679657
"406",2.15555031690513,4.525059445
"407",1.96681923408888,0.524787511
"408",0.320786949977964,2.155072744
"409",-2.63101022333514,-0.978627479
"410",-0.889210941395975,0.094693824
"411",-7.08976388810214,-4.561859959
"412",-1.98651491922826,-1.512275603
"413",-0.779873256988758,0.025800788
"414",8.633999631109,3.3710249
"415",0.0929523928033799,1.303465136
"416",-0.88138118370596,-1.568793469
"417",3.7009104503258,1.500841802
"418",3.5784966339887,2.788750482
"419",2.10332297223538,0.234427511
"420",2.02283000113169,0.490990896
"421",-1.25770321817461,-1.194246104
"422",-1.2022642292103,-2.560701708
"423",2.9003830890164,-0.746407691
"424",1.70615086679529,2.824382506
"425",-1.20781002838813,-1.066889064
"426",-2.73900060947023,-2.706856257
"427",2.4162872173728,0.694156899
"428",1.36212568099155,0.907872568
"429",1.37527974396778,1.338976086
"430",1.87386898138105,1.704104618
"431",5.37376273167587,0.569047605
"432",0.993791407405589,-0.985094873
"433",-3.55450817974952,-0.166238645
"434",-0.593399150437151,-2.983099504
"435",-3.79742360645408,-3.24024566
"436",0.170085531358551,0.606358872
"437",2.75234808840912,2.306802089
"438",-2.48438044591074,1.06316656
"439",2.42345303692365,-2.09081956
"440",-3.21602629557948,0.808148573
"441",-2.8314773823569,-2.529127407
"442",-1.98507257575788,-2.886360338
"443",0.245007663506749,2.22393064
"444",3.24102441507545,1.770791884
"445",0.911548010539913,1.813816898
"446",1.44764881070617,-0.819681139
"447",2.88578628234402,3.355564416
"448",1.78239036223527,0.054385529
"449",0.563215622886133,0.974704699
"450",-0.279095246779534,-0.297810254
"451",4.37464152154646,1.723094891
"452",-1.79131442841796,-1.955993785
"453",0.637587967567062,2.021304977
"454",-5.1966871097489,-1.272981879
"455",0.894361209363071,0.454384001
"456",0.499583865342633,1.86340672
"457",1.19817771624292,1.279080636
"458",-4.50201125623506,-2.024834574
"459",-13.5325401182312,1.04814304
"460",4.13702567136529,3.371659131
"461",4.97155325713976,0.038915353
"462",-1.76873073327046,-2.504861662
"463",-0.662575670200273,-2.834006
"464",1.64596860628485,1.597636321
"465",1.23068459968094,1.860760721
"466",-0.832627597381721,-0.629981958
"467",0.239920759543921,0.627600849
"468",0.455185957369592,1.166731046
"469",-3.15489640614269,-3.73853468
"470",-0.203790504933217,0.858720062
"471",3.08306268656637,1.929322347
"472",0.705904117649415,-0.959603725
"473",-0.503706080381725,0.480559884
"474",-2.71758239075577,-1.675579881
"475",-3.58733375643913,-1.694267175
"476",-3.67516586050322,-0.039475693
"477",-4.08452388471974,-1.882457116
"478",1.61957261702713,-0.414943852
"479",-1.75704884244574,-2.234297046
"480",-3.54920853178784,-0.26891192
"481",6.24289805282419,2.882107914
"482",-3.011674840459,0.221120649
"483",2.04903358900005,4.240343873
"484",2.48588221827128,-0.191046967
"485",-0.559573130078599,-0.024101557
"486",0.107072178816584,1.023446349
"487",-2.18951120481518,0.110513819
"488",1.71959616509956,0.201632073
"489",-2.50920938530555,-2.13684988
"490",1.32984308802149,1.674241225
"491",-1.83510311027603,-1.502638634
"492",-4.87084307554084,-0.872395364
"493",-0.166327382732295,-1.141325135
"494",0.580956066820004,0.32378531
"495",0,0.321098895
"496",-1.07047419289938,-1.180219797
"497",1.76320828616516,2.938929573
"498",-4.57949704394125,0.194760827
"499",2.648857644233,0.823157693
"500",-0.982298605940085,0.899448074
"501",-0.571346479380246,0.007910509
"502",-1.35940234811068,-1.25565062
"503",-0.0172526240542844,1.065017255
"504",-0.438088655846449,-0.430057078
"505",3.36838871333175,1.535548366
"506",-0.852646678824083,0.018790616
"507",0.0563223720264321,0.293939285
"508",2.7762595740545,-0.2540185
"509",-2.24280686578649,0.225904391
"510",0.435875522766855,0.88465237
"511",-0.245646624351439,0.030954902
"512",-1.67408081139816,0.23338831
"513",1.405416141373,-0.496020431
"514",1.79965198170922,0.354665767
"515",4.19355321598493,1.104668904
"516",2.61026829205524,0.492650177
"517",-1.82682131109044,0.066923588
"518",-2.5676425904561,0.047123183
"519",0.487821069642641,-0.102634414
"520",0.426896589401669,0.864169534
"521",2.89693004376731,-0.577050838
"522",1.05482878248016,-0.159414781
"523",-1.66188852258307,-0.252530887
"524",1.18473566779567,-0.045705144
"525",-8.01712615873866,0.886023775
"526",1.25146655183567,0.109454765
"527",3.22713012134629,1.449972569
"528",-2.44874653883545,-0.042396375
"529",0.57169621700819,0.202133769
"530",0.697919356822824,0.215788085
"531",-0.269934845543801,0.147302495
"532",0.302276499525668,-0.691012225
"533",3.20871967325734,0.677702341
"534",-0.15147591016028,-0.093996535
"535",-3.6356038073958,-0.539774789
"536",-2.49190065940154,1.096536614
"537",1.41823255621378,0.234617558
"538",-0.131596138790273,0.071966415
"539",-0.926030767988664,-0.334569759
"540",-0.940281774165994,0.426290336
"541",0.134074092660277,0.167084096
"542",-0.335517841612861,0.135364285
"543",2.90915775201048,0.335071357
"544",-2.26150711750337,-0.474824276
"545",0.194585447584018,0.613915646
"546",-0.411861220166084,-0.325103507
"547",0.533982804772948,-0.387720063
"548",0.459389777423534,-1.548950635
"549",1.46908743088845,0.687692207
"550",2.0840230657232,0.977004896
"551",-1.78518126459469,0.362467307
"552",-0.505838822907261,0.0160448
"553",0.652210049497861,1.796913284
"554",-1.27029161162188,-0.119697818
"555",1.18357381052909,0.594946621
"556",0.335612530406525,0.111877222
"557",0.253663946429417,0.396597148
"558",3.60499425577756,-0.30050284
"559",-0.312454559844097,-0.187294999
"560",0.34883955789461,-0.723263469
"561",1.36281227963126,0.310403597
"562",3.93607253240254,1.379030038
"563",1.25886750698864,-0.282074959
"564",-2.10533990483661,-0.495375906
"565",1.70051018773819,-0.160922411
"566",-1.03164897125966,0.369161404
"567",-2.22697041376024,0.747662587
"568",0.809640072672126,-0.399661169
"569",-2.8809302824798,-1.025492689
"570",0.205980811218503,-0.062924024
"571",-1.30484119190275,-1.142343808
"572",-2.58163954401893,-1.722902502
"573",0.528074307799479,0.742128971
"574",1.43667023862604,1.368531498
"575",-1.17632634129926,-1.255346675
"576",-1.583093787428,-0.050372762
"577",1.54593948216557,1.536797916
"578",1.41256128180259,-0.406353329
"579",0.0156992956229778,-0.595207569
"580",-0.587810023621284,0.116858237
"581",-0.920101142624566,-0.844311318
"582",1.10416472268149,0.367302016
"583",2.12613388981578,1.355234239
"584",0.80429059263587,0.665795209
"585",14.6225369526894,0.241141401
"586",2.20171858290963,-0.389106215
"587",-0.805304197220184,0.564243564
"588",0.0912498719353742,-0.249980508
"589",-0.348054736931773,-0.76883516
"590",-2.40836974422986,-1.627899521
"591",0.520984803717064,0.035051924
"592",-0.561178155393914,-0.428785288
"593",-0.411743340643454,-0.672482779
"594",1.65013908024585,0.251424727
"595",0.435764939358161,-0.33930909
"596",-2.10833141591405,-1.117507305
"597",0.652781548168877,-0.576240872
"598",-0.1471740714788,-0.441354366
"599",-2.57687827112465,-1.51657978
"600",-2.08702187631837,-0.741520133
"601",1.97246645386371,1.590868399
"602",-1.28277828620176,0.048621906
"603",0.901509536138869,0.169227016
"604",-0.943313191687336,0.137908064
"605",-1.0978112160716,-0.216798114
"606",0.869896517397936,1.101805554
"607",-2.60404546309224,-1.443862957
"608",1.74354537588397,-0.227926088
"609",-2.22743421430626,-2.495129542
"610",3.00408402311561,0.010954847
"611",-0.635842974198189,0.571051437
"612",2.05646886845874,2.278777614
"613",0.531576723599694,-0.010647043
"614",-0.146362540184043,0.808142084
"615",-0.910391141459293,-1.270042346
"616",-0.036959254033212,1.15833899
"617",-0.78395485512163,-0.70480302
"618",-0.130480937738173,1.075659287
"619",1.80227104367736,1.028474547
"620",1.95466548547826,0.14437036
"621",0.613400472997945,0.976783429
"622",-0.451849552232337,-0.168778047
"623",-1.10463349123739,-2.251320771
"624",0.718272444313234,0.714898941
"625",-0.945215163408111,-1.608350252
"626",2.48621399455832,0.476136776
"627",0.00442967005306088,0.894478191
"628",-1.92877214883947,-0.21120287
"629",3.13151413792388,2.461479365
"630",0.423887265875011,0.245629246
"631",0.0915296989929115,0.621277174
"632",-1.08194446269982,-0.469804195
"633",-0.889167785883047,-0.94774184
"634",0,-0.164017634
"635",-2.49703805540866,-0.815912161
"636",-0.516138361386815,-0.001492404
"637",-1.3879797801607,-0.499957405
"638",1.39713995979656,1.636275885
"639",-1.09577709359724,-0.231699541
"640",0.425000882475176,0.738235559
"641",0.248622599273562,0.665827507
"642",3.92260054695828,0.271341564
"643",0.932979984995261,-1.011262084
"644",-1.00374959406901,-0.894897852
"645",-1.32281277704233,-0.908205024
"646",-2.72233406203511,-0.031391076
"647",1.3545221571247,1.640566295
"648",7.57364937479316,1.890081436
"649",-0.519639956905082,-0.048347653
"650",-1.18878794310664,-0.43261731
"651",-0.519998164605437,-0.29041929
"652",-0.553035765378669,-0.753196341
"653",1.78629980898533,1.886128802
"654",-0.417944990614357,0.232656056
"655",1.09234663194744,0.509376337
"656",-0.92581159263727,0.062063372
"657",-0.136626696153175,0.041359991
"658",-0.56125680446261,0.218605046
"659",-0.133278034590069,-0.125268525
"660",0.322144467565933,-0.012815416
"661",1.79771357145626,0.113899121
"662",1.72457872187069,0.707542076
"663",-0.157443270513081,0.187038345
"664",-0.340585141150953,-0.002117484
"665",-0.37516050436575,-0.350366686
"666",1.51282917433718,0.022637742
"667",-0.784645358805917,-0.810499947
"668",1.86476343709135,0.643398847
"669",-0.743379230554322,-0.048913479
"670",0.893830004277343,-0.080850863
"671",0.409543385387779,0.084399268
"672",-0.364857909636348,-0.78364299
"673",0.829143045842897,0.506047006
"674",-0.157210147434913,-0.116663957
"675",-0.671932898407966,-0.106823165
"676",2.074030910602,2.022953682
"677",3.04027556975351,0.404179511
"678",-0.794231149923796,-0.616680573
"679",-0.553865998397535,0.313005242
"680",-0.0156436533725371,0.20905056
"681",1.78731376715333,1.617817171
"682",0.395006953169006,0.395113577
"683",-1.25947283490995,-0.312958346
"684",0.290275965796141,-0.128059505
"685",1.126001190032,0.118485206
"686",-0.333019127263193,-0.054087995
"687",-1.28889528611152,-0.00753223
"688",-1.04242768742034,-0.223514954
"689",-0.922608742006868,-1.055738954
"690",-1.11128101676233,-0.575325354
"691",2.73394267874711,0.960272762
"692",-0.888612054480218,-0.448780791
"693",-0.912459470363368,0.264799747
"694",-0.56106830187864,0.087190689
"695",2.10068214218147,0.361785713
"696",1.76228074267379,0.714882161
"697",-0.755327865005065,-0.03216406
"698",0.212527077888305,-0.346272396
"699",-3.17660956065771,-0.994018254
"700",-2.40761779811301,-0.620725496
"701",-0.314795129463905,0.019537028
"702",-0.764523429666279,-0.297054496
"703",0.748140137045058,0.804547071
"704",-0.0983327959502918,1.021755577
"705",1.44478957410825,0.410860597
"706",-1.0724394701787,-0.244671963
"707",-2.00068793111337,-1.671014501
"708",-2.62584254398929,0.043948576
"709",0.226451848954233,-1.454923502
"710",-2.51525488083922,-0.309015223
"711",-2.46795138537414,0.299106516
"712",6.64656361934312,-0.072924807
"713",-2.27123551311124,0.015586771
"714",-0.322560115909478,1.086721285
"715",0.120543755688496,-0.942371849
"716",0.818431563567147,0.216147163
"717",1.3689827903446,0.78225092
"718",-2.34242644277951,-2.399048464
"719",-2.05052436388924,-1.227993293
"720",-0.45849747068267,0.169725141
"721",0.0706758280019281,0.013047886
"722",0.0573884837042633,-0.399338348
"723",-1.62388574547279,-1.39488704
"724",-1.05963835996025,-0.159481582
"725",2.07709505357121,0.482827486
"726",1.96955897126834,1.966737691
"727",1.75628236357518,0.066316648
"728",1.80162140447066,0.231749315
"729",0.774210719725911,1.294220199
"730",1.5470794603982,-0.203164402
"731",-0.0903457845400183,-0.524029393
"732",1.51274297654021,0.782533126
"733",1.66944884463479,0.426055324
"734",0.309941831664442,0.016249466
"735",-0.684743701344193,-0.475651933
"736",0.859160835592706,-0.171127571
"737",0.580513809211938,0.158360732
"738",-0.23259506186245,0.330113578
"739",-0.0394722096540355,0.291666208
"740",-2.19552165157399,0.033850357
"741",1.17162113992043,0.652753132
"742",0.425910886202283,0.044813888
"743",-0.202777352268143,-0.634148977
"744",-0.823279365006442,-0.41439756
"745",1.8567272175989,1.180068783
"746",2.54359493937291,1.142118587
"747",-0.929810157361365,-0.761814524
"748",1.35134977856519,0.547310413
"749",-1.76694805159788,-0.942294446
"750",0.659498054532188,-0.244327881
"751",-3.93939158438502,-0.47989567
"752",-0.128791017950438,-0.121918459
"753",-1.2685351394571,-1.111144576
"754",2.29422506267101,1.680002678
"755",2.53467191546091,2.508611628
"756",0.453678817501157,-0.208779554
"757",0.258865741037511,0.485330026
"758",3.52948720518412,-0.312800322
"759",-0.777801399187982,-0.324763971
"760",-0.0112623653303703,0.265234596
"761",-0.379924847598597,0.756869971
"762",0.975107489942492,-0.004751492
"763",1.77192528216083,-0.093110483
"764",-0.304800556331729,0.112803322
"765",-1.09832329109472,0.019697247
"766",0.574710240752981,0.562706019
"767",0.604492803454239,0.339749234
"768",-0.711770448169124,0.441833222
"769",-0.772813450669917,0.150634192
"770",1.97580378551346,0.00066142
"771",3.77836650918034,0.54307089
"772",-2.839317570479,-0.185133412
"773",-5.85189127015634,0.509300371
"774",4.65654216599112,-0.390724475
"775",-2.69774836327253,-0.256659223
"776",-0.188501469577134,1.000251349
"777",-1.91250786954031,-1.16058327
"778",2.62318974044884,1.036263214
"779",-1.76527948104599,0.054901982
"780",-0.761795225599804,-0.180703075
"781",0.658779403564751,0.564199454
"782",-1.82608547988803,-0.060630128
"783",0.577629871214091,0.159400117
"784",4.07879350318829,0.059208755
"785",-0.0853932608712499,0.069043338
"786",-1.55337621211263,-0.104562791
"787",1.74262282584425,0.730969422
"788",-1.24591136245368,-1.248171128
"789",-0.17657635646541,-0.632300532
"790",-0.195720096097448,0.873421362
"791",-2.11320392546227,-1.847927558
"792",-0.19644865807616,0.609087631
"793",1.48871508613906,1.264569924
"794",0.386711515163175,-0.086445312
"795",0.554708336667754,0.232115915
"796",2.73562399779138,0.460012655
"797",0.903964998633648,0.952055194
"798",-0.655281744686475,0.108392514
"799",0.0328650459252868,0.181484373
"800",0.113123151823271,0.447112875
"801",-1.08173030793433,0.324381887
"802",1.05984637173885,-0.240614589
"803",0.353222507546893,0.131318976
"804",-3.46163402083854,0.558735156
"805",-1.48610780445161,-0.161977356
"806",-1.5124075906889,-0.552556996
"807",-0.575545413493712,-0.242546988
"808",0.338724065773359,0.667516374
"809",-1.52351822410608,-0.831692368
"810",1.70603230343446,0.714864392
"811",-0.673459943449995,-0.334562979
"812",1.66176973277916,0.775496376
"813",1.89879951215188,-0.058852309
"814",0.447546601297847,0.404846287
"815",-1.84818941099863,-0.448361657
"816",0.651526136842805,0.515893386
"817",-1.64261679362788,-1.060213348
"818",0.0192962890142496,0.404027897
"819",-1.39927311005784,-0.430414506
"820",1.34909261743065,0.628295877
"821",0.842168020945235,0.353806577
"822",1.38047636275138,1.211544326
"823",1.90047882513684,0.35459564
"824",1.11292016711081,-0.284079798
"825",-1.9053811002647,-2.323412504
"826",1.71096090412187,1.420584087
"827",-1.83056287793583,-1.443131335
"828",-3.02972222052343,-0.672355635
"829",0.346325033639522,0.880898928
"830",1.2331387408349,0.465079822
"831",2.00964831926335,1.036531262
"832",-0.0446343563288084,0.000634032
"833",2.17864393868432,0.402661449
"834",-7.51614752385281,-0.184381184
"835",-2.00977648388977,0.71603153
"836",1.61655510195845,0.248181746
"837",-2.22302281092934,-0.935147258
"838",1.72535411747858,0.936400403
"839",2.15440572992218,1.047956387
"840",-0.907021828306601,0.190596109
"841",0.782946818934513,0.52166392
"842",0.367918151953262,0.413053858
"843",0.570509221666853,-0.369391775
"844",1.32497821852111,0.431234363
"845",0.333247165298818,0.004288884
"846",1.43384222924404,1.009106679
"847",-0.661816638976253,0.51011032
"848",-0.919582507989517,-0.502233163
"849",2.16479713979215,1.024741198
"850",-0.844604951719198,-0.070786862
"851",0.458529395867597,0.172090461
"852",-2.21888471047614,-0.830807391
"853",-0.442108749094365,-0.292811521
"854",-0.0229201217801412,-0.055151739
"855",2.09826385463487,0.63209621
"856",-0.6606420084987,-0.70729367
"857",0.488387789524954,0.366362522
"858",0.884293956900293,-1.441057696
"859",-0.865550444170118,0.591844004
"860",-0.443123997590834,-0.552604797
"861",0.55173106387,-1.387555487
"862",0.246719377485724,0.845445465
"863",3.31956615435356,1.274991435
"864",1.50557096494562,-0.034687343
"865",-2.26329996795071,-1.020526436
"866",-1.13826315682264,-0.840477669
"867",1.50515968889972,1.467606859
"868",-0.654816630328378,-0.590240114
"869",1.47453376746909,0.753887581
"870",1.32187696903886,0.776096371
"871",-1.28591781592749,-1.39483014
"872",-1.71142753983192,-2.532842483
"873",-0.0292673747159997,0.266621949
"874",-1.01109383957898,-1.221936903
"875",0.545426467987732,0.945245626
"876",1.99402996289277,0.954479
"877",-0.00721249466385224,0.618069105
"878",0.0504336883111706,-0.429878906
"879",1.57562484931761,0.538919983
"880",0.576148122220757,-0.054505676
"881",0.105674236519926,0.082370782
"882",0.649229697722299,1.015004603
"883",1.63411653750736,0.523780504
"884",0.322958780015011,0.720366172
"885",0.274034364336341,0.018157607
"886",2.47652553032387,1.346321312
"887",2.5989124672871,0.30817297
"888",-0.319149951081921,0.137393539
"889",0.0978051717969779,-0.371565528
"890",0.591335470898545,0.27702064
"891",-1.49481148143074,0.502034175
"892",0.367619807899823,0.160875576
"893",-0.574988010107326,0.203096226
"894",-0.800617292692017,-0.185365349
"895",-0.706668274118967,-0.381850318
"896",1.4809156090584,0.255321023
"897",2.79832234895985,0.082795119
"898",-1.91234050753526,-0.374303396
"899",-1.21281397840417,0.037374715
"900",-0.394282766522701,-0.013641883
"901",1.43380097388226,1.246258844
"902",-0.446068503250466,0.163911419
"903",-1.06412144279178,-0.14809307
"904",-0.0797653527147026,-0.573947311
"905",-1.2850278805983,-0.38131257
"906",-0.39484199169494,0.38779209
"907",0.512655422947637,-0.357634773
"908",-0.191938096970211,-0.115358572
"909",-0.921010467408571,0.277220973
"910",-0.898676842640591,-0.519006291
"911",-1.68571341701507,-1.438456533
"912",-0.577639575278075,-0.331006748
"913",0.262978107549492,-0.591777768
"914",0.530853407447351,0.38139131
"915",-0.881644792335053,-0.579636961
"916",1.7970199187511,0.858244168
"917",0.0965946843856815,0.393924187
"918",-1.31896639587152,-0.404783941
"919",-1.86202726043857,-1.600153934
"920",0.231104980323659,0.274387763
"921",0.848729901500453,0.196147664
"922",-1.06203203091346,-0.317936704
"923",2.74508338952253,0.415557533
"924",1.66202128581143,0.808418761
"925",0.15652876356353,0.120913154
"926",0.596645280325991,0.005442973
"927",1.29289916725333,0.994328214
"928",0.216639485464351,0.731894031
"929",-0.2399901151857,0.304763482
"930",-0.260661801723208,-0.338614186
"931",-0.315014839794432,0.271100148
"932",-0.626290799461806,0.567700868
"933",2.70246686418961,0.420886949
"934",2.55125354564766,1.210412169
"935",0.00961367756809863,-0.184465432
"936",1.36221012867076,-0.724305417
"937",-1.54503690110074,-0.473075873
"938",0.843972600474499,-0.260052157
"939",-0.472259406193896,-0.274322491
"940",1.73443195490768,0.34793656
"941",-0.665476407120538,-0.40821217
"942",-1.07214734674672,-0.604747988
"943",2.62329683138656,0.796672458
"944",-0.137187682448796,-0.066689194
"945",-1.81030328852802,-0.901997254
"946",1.35060395460822,0.702846681
"947",-2.86474512181763,-0.854274761
"948",-2.217743402428,-1.240874996
"949",-1.66265919641991,0.057374158
"950",2.30040032024598,2.159562337
"951",1.8570159133905,0.626659528
"952",-0.0611345091344816,0.406644145
"953",-1.39364367372759,-0.708878958
"954",1.3260244244395,1.373280403
"955",0.0901390813582065,0.672131421
"956",5.67918875467461,0.65274057
"957",-0.759877016117159,0.009173211
"958",1.8514009948904,0.572111637
"959",-1.75341935994771,-0.47357532
"960",1.65412849056438,0.325283831
"961",8.97094069919725,0.438521482
"962",-1.44968538738825,0.132881605
"963",1.25962542731476,0.556866132
"964",-0.44765749471988,-0.488784937
"965",0.813677464913773,-0.384677083
"966",-1.39138905877106,0.289921465
"967",-0.072452424275279,0.356419934
"968",0.0418112400931673,-0.280953084
"969",-0.75797752515828,0.425646841
"970",-3.60744383182506,-1.32704361
"971",1.94567079698798,1.333820883
"972",1.15513267925672,0.072267046
"973",-1.37804058000969,-0.237320587
"974",1.89591282789185,0.806275295
"975",3.09026361321576,0.482559676
"976",0.48061213198668,0.42131465
"977",-0.813228110174066,-0.370505275
"978",-0.339203467943478,-0.204505518
"979",-0.651538358119129,-0.3642236
"980",1.73622751979588,0.809570572
"981",0.914698159966152,0.49491904
"982",1.15630286925685,-0.126414118
"983",1.24801554869356,0.01497935
"984",1.39050154606312,0.248199842
"985",1.77109293473783,-0.078599797
"986",-0.335914156601335,-0.272272399
"987",-1.96669850006566,-0.319795599
"988",0.337387620768953,-0.130434301
"989",-0.381595903703411,-0.434901621
"990",0.637776193155623,1.117519514
"991",-0.5337898578086,0.181545108
"992",0.748054777393689,-0.31847249
"993",-1.45202935390755,-1.138139744
"994",-0.246254446338035,-0.377768855
"995",0.781200340954633,-0.010141545
"996",1.22348910615852,0.630015226
"997",-0.339936720566475,-0.31058059
"998",2.12103181349495,1.651090578
"999",-0.194650635133552,-0.058009697
"1000",1.75828402037516,0.480715505
"1001",0.178855616449539,0.530402892
"1002",-0.927548884152048,0.291150427
"1003",1.29172214439635,0.473430503
"1004",-1.57268384873851,-0.033664149
"1005",-1.19023253788485,-0.017926989
"1006",1.36843530407277,0.395185632
"1007",-0.205835704409856,-0.890141308
"1008",-0.385191748838047,-0.033302033
"1009",-0.711331609538948,-0.251492693
"1010",1.1115982327774,0.606334518
"1011",0.972571936873218,-0.021223169
"1012",-0.226670659599869,0.034824873
"1013",-0.838901069974573,0.230403036
"1014",-1.69409429723749,-1.265596649
"1015",1.66391446852795,1.075987628
"1016",-0.420971870249888,0.515288913
"1017",-0.0176859049062892,-0.134802836
"1018",0.958003109958154,-0.39027806
"1019",1.84469645898747,0.276991243
"1020",-0.618535716713821,0.057469977
"1021",-1.16111595924676,-0.892932454
"1022",-3.11655862834854,-2.10964215
"1023",-0.341140298656587,-0.488822159
"1024",2.08791744873637,0.612187539
"1025",-2.62783854290968,-1.026170401
"1026",4.77981187796966,1.120404424
"1027",-11.6502889072372,-0.648628989
"1028",-3.55863214850045,-2.30966046
"1029",0.518663598806397,0.761204338
"1030",-0.432028306814981,-0.203028211
"1031",2.32236384617791,1.236305442
"1032",1.81373232546503,1.32141936
"1033",-0.0581735608165912,0.156800464
"1034",0.254618905695933,1.100137584
"1035",-3.52759597385741,-0.026929852
"1036",2.25078844598971,0.579321182
"1037",0.0419827859281168,0.479768948
"1038",-1.04080039401773,0.115780346
"1039",-1.7888410496746,-0.65458619
"1040",0.694223225985779,0.601334167
"1041",-0.872860144035482,-0.192056651
"1042",1.4373050522664,0.616745536
"1043",1.84204840731621,-0.134859055
"1044",0.4121826729915,0.002169971
"1045",0.0916803095646807,0.493588147
"1046",0.545534208138691,0.277882422
"1047",-0.642770258654002,-0.740586636
"1048",1.13863573750042,1.515232283
"1049",2.30088820611206,-0.005335244
"1050",-0.0564090112823615,0.171693312
"1051",-0.0268753864000452,0.05379447
"1052",-0.412071579516868,-0.046335358
"1053",-0.462567129277503,-0.509509694
"1054",0.492254245250867,0.030512417
"1055",0.234452703418339,-1.177009151
"1056",0.598453312442704,-0.282576645
"1057",0.3472369208493,0.95677176
"1058",0.989642072255302,0.719368227
"1059",-1.47342506016339,-0.615052484
"1060",-1.14795384342758,0.602233396
"1061",-2.28905841494644,-0.293697999
"1062",-2.46197930179328,-0.487658143
"1063",0.809556338306527,0.4394271
"1064",-3.23754486019652,-0.702493667
"1065",-1.44896151595864,-0.19018916
"1066",-0.0531922695148556,0.462948921
"1067",-0.569181268232411,0.789287154
"1068",1.94895333572988,0.70146882
"1069",-0.300751822745391,0.284926336
"1070",-2.46911391003667,-0.112708475
"1071",-3.23502825161417,-1.261654308
"1072",-1.63559108955571,-1.080831246
"1073",2.88778243414569,0.374353805
"1074",1.43882732438159,1.085903946
"1075",-4.53138403743871,-2.110596792
"1076",-1.71112057183737,-0.953205993
"1077",1.33199117364457,0.818370818
"1078",0.0537929418249222,0.673457946
"1079",2.37600468188312,1.043386842
"1080",0.379288142050274,0.136292371
"1081",1.81773006608496,0.376801562
"1082",-0.46955901883436,0.40837889
"1083",-1.44979448501704,-0.221576677
"1084",3.79959185483817,0.17154879
"1085",-10.405962570806,-0.812934478
"1086",-2.41513389624057,0.323081154
"1087",1.27314037091245,0.474946032
"1088",1.2406901594165,0.298754974
"1089",1.2287367027248,-0.01432715
"1090",0.0389657401031198,-0.1349355
"1091",0.660125364699036,0.18694673
"1092",-4.17227370098697,-0.902903121
"1093",-1.58284720417696,0.560075475
"1094",-1.511132834226,-0.13745692
"1095",1.35043495700237,0.151832288
"1096",3.56952547320977,0.96262562
"1097",0.586019784077114,0.042166892
"1098",-2.33133126394868,-0.471208963
"1099",-0.819826461287888,-0.940590381
"1100",0.846708474168676,0.373996241
"1101",-0.316254331217744,0.383741435
"1102",1.48175364651184,-0.651960461
"1103",1.26032942572825,0.808334042
"1104",-0.0327931527415671,0.235944423
"1105",2.37554266321394,0.423939289
"1106",-0.455810183717396,0.596995027
"1107",-0.212568274929566,-0.111469281
"1108",1.16037939586199,0.535275866
"1109",-0.392768223389956,0.184198045
"1110",-1.19410874950389,0.072756167
"1111",-0.535687531794298,-0.037928875
"1112",-0.133558011068391,0.188987679
"1113",5.32846204143888,0.650408209
"1114",1.86766980856277,0.461708331
"1115",-0.660413848500772,0.093833131
"1116",1.48811037226577,-0.024601415
"1117",0.835824560948577,-0.354331094
"1118",-2.81061225023843,-0.711413945
"1119",0.110394382048823,0.312965929
"1120",0.412915918934759,0.083635527
"1121",-0.612334296685548,0.217021248
"1122",2.65470438145011,0.768924304
"1123",-2.23179148652938,0.12766633
"1124",-0.859952458148956,0.172856368
"1125",0.933316977112176,-0.013247297
"1126",-0.945658268698159,-0.645610656
"1127",1.00676048922329,0.488555751
"1128",-0.535882344150332,-0.117957912
"1129",-0.344476391604571,0.190904512
"1130",0.064677602334644,-0.037232627
"1131",2.31609964626693,0.665557299
"1132",0.138293265224694,0.065859616
"1133",1.38438945406303,0.546455008
"1134",-1.17431074345721,-0.393123906
"1135",-2.9635825327441,-0.707376194
"1136",1.8844826416246,0.463351649
"1137",-0.623202842781668,-0.413962815
"1138",5.42469615642566,0.14698417
"1139",2.60021341978981,0.483186108
"1140",-0.2479726780246,-0.193396493
"1141",0.411069083567306,0.419228501
"1142",-0.974097339021199,-1.190460584
"1143",1.7466073405635,1.021260911
"1144",0.306229458585857,-0.232294651
"1145",0.299746544443214,0.500361096
"1146",-0.75106224115173,0.175290104
"1147",0.131139188657833,0.048803646
"1148",-10.1460994801438,-0.486094572
"1149",-1.11729721993918,0.028811321
"1150",-0.128044238365122,-0.453806841
"1151",0.781317872005261,0.006091086
"1152",-2.99629653157403,-2.020193198
"1153",-1.91280474807166,-0.286321647
"1154",2.12345336957811,0.716331454
"1155",-0.424936977551185,-0.973267904
"1156",0.501432821086882,0.001563827
"1157",-0.780380361889311,-0.557211548
"1158",1.70317718318694,1.14654228
"1159",0.481791765400168,0.275562496
"1160",0.310521698369723,-0.16379824
"1161",2.1562148668346,0.668476726
"1162",2.1016989469617,0.433639827
"1163",0.125971464837782,-0.006137475
"1164",0.269394917058948,0.849548289
"1165",0.179197251433848,0.498819051
"1166",0.193764945966155,0.247474819
"1167",-0.858398543427015,0.29455471
"1168",-0.397294126795775,-0.199457507
"1169",0.730158456342748,0.47763541
"1170",2.31126609340597,0.10505291
"1171",0.394157103464482,0.004998575
"1172",-0.925066340147162,-0.16913306
"1173",-0.288628599301524,0.331491439
"1174",0.98031248847599,-0.054421431
"1175",-0.992113856983868,-0.077944446
"1176",2.02941832514628,-0.153559956
"1177",0.124216210399759,0.502324794
"1178",-1.1732069152683,-0.307784592
"1179",-3.74695919858037,-0.656652171
"1180",0.478002674245365,0.36394436
"1181",-0.244767978778528,0.088151688
"1182",0.202509630530202,-0.598040544
"1183",-2.22882365711543,-0.071040366
"1184",1.18776654625047,0.745650703
"1185",-1.15381479564152,0.129480517
"1186",0.308166653740811,0.48792571
"1187",1.92595145279364,-0.047738354
"1188",-2.07991607135291,-0.804560236
"1189",-0.268463276136335,-0.579324981
"1190",1.40527166136452,0.780197661
"1191",-1.93195111331382,-1.630091347
"1192",0.396813005338766,0.853926145
"1193",-0.430983413438261,-0.255005098
"1194",0.192467383581113,-0.278981666
"1195",-1.55652808240379,-1.333710617
"1196",0.298807528056599,0.000514345
"1197",1.35071414538793,1.110363529
"1198",-0.167450654169089,-0.156638594
"1199",-1.63337928800375,-1.524161826
"1200",1.78844211373729,1.731094746
"1201",-2.29765994049009,-2.08778486
"1202",-1.27003428217832,-1.151708
"1203",-1.59915449276316,-1.660503339
"1204",0.605111472827324,0.157761971
"1205",-0.761870261928317,-0.813330076
"1206",-1.02164581981573,0.014496745
"1207",0.257223554849869,1.280181338
"1208",0.842827314275013,0.910111612
"1209",2.93485565847983,1.938537055
"1210",-0.751232578032345,-0.732610069
"1211",0.0670740269536255,1.222830576
"1212",-8.70868365898835,0.70286903
"1213",1.00862266260987,-0.150269679
"1214",1.91958726680868,1.186836459
"1215",-0.498551514207777,-0.138631599
"1216",1.66898527804561,0.621079695
"1217",2.11411245699262,1.166311453
"1218",0.0850845967110659,-0.01189288
"1219",-0.956411413339959,-0.283385325
"1220",-2.09909068207242,0.568431071
"1221",0.0404700252305445,0.376840382
"1222",1.07963160995795,0.034952512
"1223",1.7356669118459,0.311532711
"1224",2.2362952466286,0.069645166
"1225",-0.160379808550067,-0.070136272
"1226",1.58286106490214,0.05297044
"1227",3.5204615422718,0.024024123
"1228",-1.46576257561743,0.073508878
"1229",0.580268011443269,0.512084958
"1230",0.494272728707178,-0.150228681
"1231",1.21752276811262,0.196516387
"1232",0.630306821861832,0.52232126
"1233",0.900842553313757,0.285992976
"1234",-0.178924714797187,-0.115069156
"1235",-0.439719517626808,0.280205255
"1236",1.50848811391258,-0.254566438
"1237",-3.8040259140786,-0.685278974
"1238",0.0950462278020062,0.636416704
"1239",-3.05246020604967,0.375767369
"1240",0.135766563251112,-0.116257161
"1241",-1.36605085509497,0.166383145
"1242",-1.93459286761968,-0.728302186
"1243",1.89299991868606,-0.02378522
"1244",-2.1542392867033,-1.648612084
"1245",0.495757390811508,0.452543377
"1246",-0.0130077440543685,-1.634646579
"1247",-0.407571594525495,-0.636278619
"1248",-3.66351381206012,-0.852526004
"1249",1.28634530584613,2.014807354
"1250",-0.385509928900402,2.373137448
"1251",0.726199326769858,0.455963803
"1252",2.18992161824199,0.380322262
"1253",-0.0815886971999288,0.174483872
"1254",-1.07005877495157,-0.013930621
"1255",1.98006764746725,0.330411012
"1256",0.949892987869631,0.086140303
"1257",-0.559188078048703,-0.49005927
"1258",0.0161179410591688,-1.036438389
"1259",-0.59140767809653,-0.034002139
"1260",-2.07306701706552,-1.844721348
"1261",-2.30980104533103,-0.893325484
"1262",1.05439789872966,1.156273582
"1263",0.681266990516832,1.773016854
"1264",-1.18182064670859,-0.843932215
"1265",-1.87651732245585,-0.812661693
"1266",1.1362353868346,-0.25818857
"1267",-0.499992896349727,-0.583002859
"1268",-2.17856225199081,-0.929090321
"1269",1.3121336229683,1.333489319
"1270",-0.44813340463062,0.154875249
"1271",2.66255070140112,0.472046488
"1272",4.30305101181803,1.515431296
"1273",0.664840953774359,-0.550665629
"1274",-0.877752092073106,0.256516823
"1275",-0.944185071506323,-1.347828778
"1276",-0.930146548681838,-1.358750299
"1277",2.55661895729426,0.948951715
"1278",12.8495158127936,-1.307709912
"1279",2.76512804733894,1.287917032
"1280",-0.252744019024462,1.433623823
"1281",0.329538131466919,-0.416470631
"1282",2.4749489222251,1.023881082
"1283",0.104250111076973,-0.342402769
"1284",-0.998880818857648,-0.425623957
"1285",0.656305009647643,1.061897972
"1286",0.572090997345101,-0.002903421
"1287",0.539671904227301,0.959829498
"1288",1.2279400668921,0.406645934
"1289",-1.69034322567614,0.159629986
"1290",-0.550214537920374,-0.03143585
"1291",1.49663333899306,-0.106262197
"1292",1.22205490516633,0.610784288
"1293",-0.92171087522523,-0.030338535
"1294",-0.408583062186452,0.27549723
"1295",1.77500840120215,-0.076601694
"1296",-0.148021116547466,-0.147711854
"1297",-1.21314603504088,-0.296068294
"1298",1.43639354071782,0.610623838
"1299",-0.272636780713608,-0.454887294
"1300",-0.49261409210644,-0.439816123
"1301",1.32634118251733,0.119536536
"1302",-2.01590095010543,-1.427535622
"1303",-0.403348075236389,0.393666242
"1304",-2.41967448224743,-1.71068212
"1305",-0.853409261322173,-0.19195207
"1306",2.12535380439,1.252270224
"1307",-0.982796534092432,-0.609323717
"1308",0.744702277829842,1.3442909
"1309",-0.383752121633961,-0.332569766
"1310",0.862051728118455,1.208510164
"1311",-0.50777120438582,-0.48844889
"1312",1.39680084550406,0.897238213
"1313",-0.897034972678666,-0.174725671
"1314",-0.272287681808702,-0.615834576
"1315",-0.840218366174615,-1.466592644
"1316",-0.977912742234567,-0.238033099
"1317",0.870028114785564,0.236576112
"1318",1.08167142865015,1.216238231
"1319",-0.666943235656611,-0.88346859
"1320",-0.495716290819575,-0.39732546
"1321",0.536018299503976,0.352345253
"1322",1.27856349215031,0.658707253
"1323",-0.699984215368954,-0.206403268
"1324",1.79727389276529,0.267894145
"1325",0.611973805139413,0.444757621
"1326",-0.232322373517462,0.518937692
"1327",-0.075818361028839,-0.459180684
"1328",0.716643484951759,0.162843214
"1329",-0.431970330934257,0.513498908
"1330",0.673174884689021,-0.077874696
"1331",-2.75227742876153,-1.137570391
"1332",3.64713245304984,0.919274825
"1333",0.427822961933178,-0.148170237
"1334",-0.353403792635422,0.507458291
"1335",0.048731583918881,0.235494098
"1336",13.2177917374294,0.225026646
"1337",-1.48023615078291,-0.414991299
"1338",-2.13173639595288,0.276540449
"1339",0.0139742396671088,-0.374734808
"1340",-1.78351577185244,-1.018055308
"1341",0.258094266928435,1.086377642
"1342",0.0401967115852157,0.293643307
"1343",-0.438271546182602,-1.190800322
"1344",-0.497447378860646,-0.446568134
"1345",1.83933857526796,0.376671063
"1346",1.58270427740272,1.336814815
"1347",-0.19387362507274,-0.510255668
"1348",-0.423679430482959,-0.295399647
"1349",-0.967496170602627,-0.030500142
"1350",1.25940186091076,1.072160465
"1351",-1.4634177852279,0.076811844
"1352",-0.178565436509835,0.304331261
"1353",-0.833583923416838,-0.064358158
"1354",0.508532396928007,-0.093094923
"1355",1.81655747174148,0.233514558
"1356",-0.931040394745893,-0.223638479
"1357",-0.506390481907999,-1.033520518
"1358",1.38876811093596,0.912091879
"1359",-1.13056272132588,-0.126756373
"1360",0.621643493844404,-0.633851495
"1361",0.392955676919958,0.205734308
"1362",0.0162376582033289,-0.100910478
"1363",1.29096656553932,0.211662914
"1364",-1.3397013803592,-0.866056199
"1365",-0.893057816788805,-0.143721534
"1366",-0.811342436784139,-0.649556042
"1367",0.466445514450879,0.04182655
"1368",1.23563102021085,1.197049184
"1369",0.509416440847572,0.173711664
"1370",-0.706926874183751,-0.701887465
"1371",-1.4644294110099,-0.463328925
"1372",0.843786963177532,0.567373031
"1373",0.128641648216106,0.197768423
"1374",2.67082684137884,0.985400014
"1375",-1.02252995028874,-0.531761524
"1376",0.314504446610643,0.607636825
"1377",2.19893273357973,0.063566618
"1378",-1.16145190722522,-0.73804657
"1379",-0.168000129944349,-0.29780039
"1380",-0.455477893495477,-0.039015605
"1381",-1.8987669131309,-2.108696919
"1382",0.979233727470348,0.265496194
"1383",0.757340324836402,0.69120967
"1384",0.0731290165846136,-0.030807039
"1385",-0.382256717249481,-0.386923244
"1386",0.155825686283317,0.606256053
"1387",-1.62049410558895,-1.679296482
"1388",1.08554639207002,0.22596477
"1389",2.07775893290478,1.22629861
"1390",2.68290255787956,1.100526876
"1391",2.17130788510231,0.444327299
"1392",-0.945236645775079,-0.073525638
"1393",3.05147333177148,0.798273358
"1394",1.57125348285615,0.110557185
"1395",1.04829371101633,0.077093629
"1396",-0.0204909332517582,-0.427079607
"1397",0.0553103157784334,-0.239056521
"1398",-1.2551035207178,-0.569221021
"1399",9.34645617823439,-1.07610207
"1400",0.375176497036007,-0.57917547
"1401",-1.01755000946706,1.23100736
"1402",0.563013139651246,0.729214276
"1403",1.45626540047578,0.002836716
"1404",-0.113706843331114,-0.227410384
"1405",-0.209114313694861,-0.276069403
"1406",-0.586732742326302,-0.225223931
"1407",0.956118806149965,0.310983841
"1408",-1.4159074156379,-0.778319578
"1409",-1.30030478000847,-0.287902322
"1410",0.26370713464719,1.272683598
"1411",0.658139047942306,-0.960306502
"1412",-0.294303070366676,0.094960389
"1413",0.710519618408726,-0.127602575
"1414",0.350562377197856,0.390433204
"1415",0.693695908738772,0.519789155
"1416",-0.0373656383629484,-0.262898268
"1417",-0.393287956433416,-0.828913667
"1418",-3.26909129901652,-2.132596048
"1419",-4.21938902980748,-3.236924211
"1420",-6.49606236784289,-4.021144449
"1421",0.645343955080007,-1.361424996
"1422",7.11675920956167,3.829129974
"1423",3.45423714754838,2.400725428
"1424",-0.0694696950425145,0.060855119
"1425",-0.993313992387257,-0.842707846
"1426",-3.23973641600344,-3.002264977
"1427",2.78244901842944,1.812767103
"1428",-1.14847304536318,0.116411594
"1429",-1.1397726292332,-1.544830866
"1430",3.6480678578123,2.477363695
"1431",-0.125665939683322,-1.399503571
"1432",1.02971182545946,0.526407545
"1433",1.36926147634753,0.447700656
"1434",-1.53406958634462,-0.409804146
"1435",0.189698739521604,1.274968787
"1436",0.956420175826407,0.866774083
"1437",2.153400391501,-0.256434473
"1438",0.257617851847009,-1.629623102
"1439",1.49362163352438,0.455539234
"1440",-1.83849171025959,-1.239493029
"1441",-0.433706029036435,-0.205074399
"1442",-0.433719807384145,-0.336865211
"1443",-1.79588947608049,-0.046590159
"1444",-3.92733651450001,-2.600121101
"1445",-1.5978244726697,0.123209376
"1446",3.13927276001213,1.889589835
"1447",1.71026260615583,0.197193868
"1448",2.24455572498405,1.421379299
"1449",2.07028547864942,1.812459379
"1450",-1.1469312811825,-0.35946894
"1451",0.826378509873951,0.80035198
"1452",-1.63337818009031,0.877978032
"1453",1.23771622590906,0.072484859
"1454",1.90649983979478,0.127466433
"1455",-0.234735747174226,-0.684882392
"1456",-0.744246867874405,-0.472743083
"1457",3.18106146776402,1.47435513
"1458",1.46843583043232,0.456006137
"1459",0.417868085199955,0.027050903
"1460",-2.16405166215979,-0.142210074
"1461",-0.915241222598281,-0.584244934
"1462",1.45400408293397,1.649084733
"1463",6.0417112328734,1.096995369
"1464",1.58659150896566,-0.191493266
"1465",0.393569818109695,-0.255738583
"1466",0.991770441931162,1.177048845
"1467",1.51975140233615,-0.04498756
"1468",-0.10379081833534,-0.482148184
"1469",0.390664559044085,1.180387662
"1470",-0.484977429523212,0.272435281
"1471",2.47039459097054,-0.355166672
"1472",2.26756771019759,-0.113278978
"1473",0.565767953196763,-0.034768203
"1474",-0.590179381280108,-0.987129063
"1475",0.637182604588927,0.150945536
"1476",2.03618733443239,-0.323330746
"1477",-1.14278782424025,-1.408916319
"1478",-3.55555643344964,-1.127064061
"1479",0.846415127917662,1.479330263
"1480",-0.698628063084792,-0.134027702
"1481",3.09779453966857,1.603323002
"1482",-0.34268464531846,-0.112374038
"1483",1.07993586744708,0.380295545
"1484",1.56447678008769,-0.123562385
"1485",-1.16136904888249,0.122125009
"1486",0.622361304680575,-0.012914091
"1487",-0.308470798203492,0.059344145
"1488",-1.26453742672358,-0.465179999
"1489",2.12232604617778,1.062393909
"1490",-0.450160232683555,-1.105659262
"1491",-1.45429081455847,-1.447782665
"1492",0.95453150686672,2.031785626
"1493",-0.418631632266314,-0.701404394
"1494",1.11346496308008,-0.65110524
"1495",-1.86874556398426,-0.776908648
"1496",-0.372233481755693,0.224885641
"1497",-3.40462720160594,-1.961386759
"1498",2.73655414323871,0.474428792
"1499",0.110902294858403,1.056258022
"1500",2.56756852944365,1.441063557
"1501",-0.760538392453186,-1.515477629
"1502",-0.975443392308964,-1.795749509
"1503",0.0556948786516132,0.774830644
"1504",-0.204869686643442,0.877809594
"1505",0.0829013101068957,1.234159635
"1506",-0.137209349430862,-0.159991549
"1507",1.85507963162306,-0.218093634
"1508",2.74197290639461,1.057366397
"1509",-0.708581758981269,-0.724339879
"1510",-1.93125094266031,-0.945648504
"1511",-5.92764219388109,-1.542204169
"1512",-0.503630659034475,0.201020426
"1513",-0.180025000169422,-1.320216292
"1514",-3.98411883951073,-2.398581654
"1515",-0.146505595357715,-1.089753769
"1516",1.74565005491733,0.085290848
"1517",0.0242831592191988,0.777251424
"1518",-6.01665418506537,-2.528237538
"1519",1.90504684847591,1.655806118
"1520",-3.92423108232716,-2.183577282
"1521",0.751316081351471,0.053168019
"1522",-0.472840139420796,-1.176276603
"1523",0.566800998878281,0.518198854
"1524",3.6473198589084,2.008072679
"1525",0.0251526094198207,-1.576154498
"1526",0.788123915414524,1.404523792
"1527",-3.02235132917875,-1.092292245
"1528",8.53886822479042,0.551335062
"1529",-7.91511705479912,2.445865106
"1530",-2.09852718983675,-0.044333466
"1531",-4.03104021101168,-1.892096893
"1532",-3.88352933431218,0.497962002
"1533",0.972528425818294,0.152556836
"1534",-6.57600764673632,-1.86541581
"1535",-2.83387450816454,-1.425505823
"1536",-1.24309689431806,-0.066384039
"1537",1.72951796389583,-0.018896835
"1538",2.68345494359351,-1.237744717
"1539",0.644968111616771,1.933001508
"1540",2.72731594252034,1.638173787
"1541",2.46411265515696,1.63461105
"1542",-1.71847798186944,-0.4676632
"1543",1.86815958137794,-0.002603341
"1544",4.49636693465768,1.435073125
"1545",-1.17940275949096,-1.253257733
"1546",0.19873464415024,0.442995988
"1547",0.20015441332601,1.128436655
"1548",0.0144015561969903,-0.187186515
"1549",-0.489273826425956,-0.815413142
"1550",4.68818537919674,2.358838585
"1551",0.201862307062626,0.408594957
"1552",-0.469903597974544,0.34926342
"1553",-0.407759340958669,0.330043996
"1554",-2.16892115845325,0.088462304
"1555",-0.452332437319897,-1.130375605
"1556",-0.141112436838201,0.503967278
"1557",-0.0965626000248715,0.015579253
"1558",1.89276606131835,1.626254553
"1559",0.657933407282566,-0.126176824
"1560",0.634573875083713,-0.183863097
"1561",-0.477725878717042,0.558472788
"1562",-2.61634168555032,0.657358301
"1563",-1.32432928656304,0.43959671
"1564",0.34355548052197,0.098509213
"1565",1.16649748552718,-0.087777298
"1566",1.61935122623044,-0.640650958
"1567",2.31144039364754,-0.037814201
"1568",-0.529750810010788,0.054510717
"1569",2.38396442250193,0.877801208
"1570",0.810036218708337,0.43408798
"1571",-0.847083798079456,-0.204184239
"1572",0.815342470257161,0.631095904
"1573",-0.891176922557887,-0.321347981
"1574",-1.19560612883875,-1.019629848
"1575",2.68316605965156,1.045279785
"1576",-1.78470336962308,-1.204807401
"1577",0.534554881638057,0.278270289
"1578",0.22343285560951,-0.274354621
"1579",1.20758537676739,0.961575414
"1580",1.91305009006315,0.999006968
"1581",0.95988709631482,0.017291223
"1582",0.824623638748857,-0.098476966
"1583",1.50013296003231,0.651972589
"1584",-1.17950340333776,0.307973793
"1585",0.80736520903323,0.07612548
"1586",-0.314874589182909,-0.520756292
"1587",-1.67802578965512,0.004785874
"1588",0.914422341084989,-0.181368959
"1589",-1.49953044255026,0.187100012
"1590",-1.68543740423897,0.164799403
"1591",-0.756270427879851,-0.92736357
"1592",9.13610254927607,-0.507594934
"1593",3.61200894305621,0.777960679
"1594",-1.84926263649473,-0.871449965
"1595",-0.0625803525512224,-0.595458271
"1596",-1.77599936370575,-0.023903651
"1597",2.22958052851269,0.316961067
"1598",0.856914152282637,0.075321291
"1599",3.37313865547994,1.240636564
"1600",1.43474509326821,-0.960752305
"1601",0.656814050894163,-0.01694795
"1602",-1.12197978247643,-0.851443413
"1603",0.104181403349421,0.974897651
"1604",-2.18937896208992,-0.945586347
"1605",0.313055564694461,0.020515771
"1606",0.153299595983036,-0.371359461
"1607",0.610849953477431,0.600145908
"1608",-0.86456728763255,-0.208763642
"1609",1.06357573995078,1.358863776
"1610",0.587586418223817,0.695052943
"1611",0.921833493452489,-0.021046586
"1612",-0.374170365312403,0.427769497
"1613",1.47037738737753,-0.10057689
"1614",-0.46455587127799,0.113439868
"1615",1.21575160790964,0.282069634
"1616",-0.371447559306594,-0.291606226
"1617",0.163881688769936,0.488532838
"1618",-0.412279371103018,0.128861577
"1619",0.399899178801758,0.330410179
"1620",0.138900650530766,-0.171923573
"1621",-1.34760209493282,-0.921753236
"1622",-0.372603866721534,-0.814829842
"1623",0.566036346474298,-0.180050544
"1624",-0.703144447701184,-0.184240889
"1625",0.453984304255862,0.3128093
"1626",-1.56193846170841,-0.326328389
"1627",1.07294677102669,0.579138264
"1628",0.253176663700754,0.270839044
"1629",-0.731909867351041,-0.165292891
"1630",1.60263098091377,1.327556698
"1631",-3.25424121566151,-3.658079272
"1632",-1.09328969779171,-1.826224645
"1633",2.37128361940731,1.761412172
"1634",1.07478314149447,1.688924311
"1635",0.00279747354103767,1.347386272
"1636",1.39598438288794,0.194670641
"1637",0.332923177759616,-0.687102882
"1638",1.29768408601036,0.533868675
"1639",-0.141092428084495,-0.087195783
"1640",1.246658837625,1.513818657
"1641",1.06297133234765,0.340281942
"1642",-0.741687007858788,0.698484255
"1643",-0.748577037923547,0.013475865
"1644",-0.192743565815454,0.524542263
"1645",-0.780154832620715,-0.092937917
"1646",0.0856270136988477,0.237946212
"1647",0.525740015322049,-0.143620483
"1648",0.776752317350039,0.426120867
"1649",-0.173134027231369,-0.361907001
"1650",0.0577445653029508,0.45436266
"1651",-0.707326115671376,-0.301601882
"1652",-0.545006496443263,0.032273254
"1653",0.146707264527189,-0.119926117
"1654",2.14071377677045,0.160492069
"1655",0.820426863031536,0.162998009
"1656",1.16997070960654,-0.127059426
"1657",-0.936979866803297,-0.6381941
"1658",-0.784048825093786,0.312904282
"1659",0.809027034758486,0.021254933
"1660",0.682492906260135,0.85666972
"1661",0.0756936896942252,-0.090757701
"1662",0.228032440907215,0.038971769
"1663",0.0325336564388384,-0.286879706
"1664",0.348096470584887,0.472341518
"1665",0.1710076864804,-0.079636328
"1666",-0.528213555015241,0.278901606
"1667",-0.580742249708438,-0.549414222
"1668",0.0771948211008846,0.18668463
"1669",-0.022233223381059,0.219720177
"1670",-0.939705280161078,-0.144130987
"1671",0.286128404318914,-0.05634816
"1672",0.390298605835162,0.194986683
"1673",-0.684349839241137,-0.525405529
"1674",0.259810236378342,-0.136616007
"1675",1.27994172345139,-0.15800644
"1676",0.297343970280204,0.521442854
"1677",-0.482167850391908,-0.195559158
"1678",0.205624447462937,-0.23786911
"1679",0.189640399005661,-0.00413855
"1680",0.235895927250979,0.419224158
"1681",2.10471969646588,0.297724237
"1682",-0.558048299805406,-0.014639577
"1683",-0.0535506924818031,-0.222548806
"1684",-3.09828989082859,-2.48277423
"1685",1.4821050419257,1.457038701
"1686",-1.36771854742322,-1.494174803
"1687",0.0105140264277868,-0.05878494
"1688",1.12361871949624,1.005851634
"1689",1.14068680846559,-0.377942796
"1690",-0.440268474042577,-0.001860327
"1691",0.658387170398078,0.029909368
"1692",1.21278706770488,1.085800014
"1693",1.87657873597287,0.647875217
"1694",0.130396863107035,-0.575329331
"1695",-0.82123784492743,-0.862484977
"1696",2.09879891742951,0.642349517
"1697",1.53331753355526,0.528257635
"1698",0.039814571686241,-0.936512756
"1699",0.991391742808569,0.793639272
"1700",-0.0680992833086617,-0.326602348
"1701",-0.324396936223178,-0.496788182
"1702",1.23095184671848,0.428748612
"1703",-0.320282603449609,0.048144429
"1704",-0.265301840243963,-0.325878777
"1705",0.271248126581896,0.459533038
"1706",-1.28057681463702,-1.252457787
"1707",0.371154772070919,0.114593259
"1708",-0.578345316466698,-0.31040765
"1709",-0.765026585594666,0.020158386
"1710",-1.22380017529243,-0.304261789
"1711",0.576477972819209,0.614150577
"1712",0.00488925842605633,0.218957197
"1713",-0.90540540979679,-0.137667105
"1714",1.0642621539051,-0.008414524
"1715",2.30536639432434,0.473859464
"1716",-0.347826339932314,-0.380495746
"1717",-1.5189330131196,-0.17419277
"1718",-0.515561271059549,-0.29911961
"1719",-5.27375039257531,-0.311314016
"1720",1.72402649287273,-0.012228399
"1721",-0.559924020968123,-0.681001881
"1722",-2.55982504941711,-0.654688479
"1723",0.191836228205278,-0.443321288
"1724",-1.57419955106475,-0.166752005
"1725",3.88105765850258,2.198019978
"1726",0.358624772354759,0.376487837
"1727",-2.03516766315381,1.10161198
"1728",-3.89678558168113,0.194884539
"1729",-0.454978200104087,-0.139892821
"1730",-2.73527460301886,-0.011550946
"1731",3.30602737521445,0.745295529
"1732",0.436321373625601,-0.15835169
"1733",1.318816086734,0.466546946
"1734",0.495853340622678,-0.238965144
"1735",2.57650177638649,0.743370239
"1736",0.681011357549995,0.216309076
"1737",-0.665628566403003,0.080769848
"1738",0.0320412183020562,0.390674563
"1739",-1.75812469192199,-0.526838928
"1740",-0.555814898431211,0.133440217
"1741",-1.57958366717524,-0.265693032
"1742",-0.926240089099017,-0.352172321
"1743",-0.446094970362645,0.03969277
"1744",2.53663768856952,0.580442703
"1745",0.703376233920767,0.340508423
"1746",0.742608278791018,1.307735911
"1747",-0.401881991066598,0.215701468
"1748",0.173172525995967,0.592141858
"1749",-1.1172394995085,-0.113808213
"1750",1.85347795150006,0.65184833
"1751",-0.715420749951881,-0.815029572
"1752",-1.0223523129044,0.387570769
"1753",-0.425342194945818,-0.175215678
"1754",1.08022338283636,0.197317274
"1755",0.679146922667292,0.363091264
"1756",-0.0804237919770144,-0.246038567
"1757",-0.554343032332252,-0.186471135
"1758",-0.753148733280432,0.125093248
"1759",1.41125934950233,0.224584901
"1760",0.0945859219721118,-0.839164074
"1761",-0.9081011702668,-0.029334768
"1762",-2.01720728982015,-0.464783486
"1763",0.505473236030631,0.845076675
"1764",0.464641277505979,0.570596383
"1765",3.02696951395589,-0.07709676
"1766",1.97159186082611,0.351078897
"1767",0.116766562006583,-0.355490542
"1768",-0.128069604214846,0
"1769",0.39124218064257,0.282564238
"1770",1.8132024397187,-0.214711241
"1771",0.429243099567029,0.184813176
"1772",-0.912198408710199,-0.297191446
"1773",-0.277021085871509,0.176220047
"1774",0.193007018138105,-0.361583799
"1775",-0.0877920386546869,0.336058442
"1776",1.17452206735742,-0.26937499
"1777",0.555990139396941,0.654314045
"1778",1.69749191126919,0.799405287
"1779",0.313905015967624,-0.07356547
"1780",-0.403602380939687,-0.086683982
"1781",-0.647004618065968,-0.602767347
"1782",-0.834419491056505,-0.089030154
"1783",1.07137581520597,0.029831915
"1784",0.908938393679257,0.057014691
"1785",-3.60612349630399,0.723849676
"1786",-0.316471232494328,-0.211759739
"1787",0.599948094908796,0.022680323
"1788",0.88347318046518,0.069308226
"1789",0.201083871977075,0.57360636
"1790",0.73993095733737,0.355970705
"1791",1.09016238669909,0.523213344
"1792",-0.0167388753370624,0.399932714
"1793",0.75160076029416,0.497988872
"1794",0.17073383684903,-0.086449148
"1795",0.110109705939385,0.167714915
"1796",1.33647926600898,0.602985015
"1797",-0.0969617793091896,-0.108278638
"1798",-0.400513830393764,0.04188993
"1799",-0.818891014142798,0.149225011
"1800",0.401448692496026,0.101746522
"1801",-0.425114831209157,-0.258170594
"1802",0.946941217654695,1.358121093
"1803",-0.490020783761191,-0.587711695
"1804",0.11420271110503,0.050375024
"1805",-0.385504667758289,-0.328262251
"1806",-0.0697098624209962,-0.291762589
"1807",0.528138820708794,-0.228682834
"1808",0.293513565576257,0.079957573
"1809",-0.0633234448275615,0.326333993
"1810",0.249554031139371,0.03665656
"1811",-0.241342018406699,-0.338474918
"1812",0.051590971534209,0.83398793
"1813",0.0527443342452712,-0.162803482
"1814",-0.13014781577889,-0.131517934
"1815",0.545257023986137,-0.201191596
"1816",-1.61986862920003,-1.248559452
"1817",0.57471936289667,0.188810257
"1818",-0.0802143437995609,-0.106083205
"1819",-0.209099953971768,-0.084435244
"1820",0.142992290599354,-0.102010734
"1821",1.07822105658985,0.722530863
"1822",2.11760732328979,0.108473644
"1823",0.230772492346027,0.2930811
"1824",1.15720466460488,-0.225759398
"1825",0.559044456297537,-0.164347539
"1826",1.70383546957223,0.055936598
"1827",0.269808923933037,-0.305953684
"1828",-1.21712534479166,0.192765027
"1829",-0.379221933364135,-0.082747239
"1830",1.34968896606555,0.068745012
"1831",-0.517298942412918,-0.143490837
"1832",-0.681648275023522,-0.376703714
"1833",-1.29823792486575,-0.683802052
"1834",1.9388747541817,0.857646586
"1835",0.198257759016347,-0.290760312
"1836",-0.508050754561093,-0.171782517
"1837",0.317554199558023,0.752885036
"1838",-0.392090755741478,-0.303968833
"1839",0.983423098945973,1.078173662
"1840",0.0231425381002178,0.607221418
"1841",0.183826771286158,-0.048582137
"1842",0.99472027629535,0.055276727
"1843",0.717166206318472,-0.191497974
"1844",2.48141519380878,0.173079185
"1845",-0.136133245193867,0.118834369
"1846",-0.626068444622766,-0.127216937
"1847",-0.372626260725104,0.058193341
"1848",-0.361173766726829,0.408035919
"1849",1.58138735738761,0.003744538
"1850",0.397509175993685,-0.102577458
"1851",-0.406989310298017,0.112996274
"1852",-0.140255009107946,-0.216515162
"1853",1.43849489160472,-0.147953531
"1854",-0.352208968535457,0.47651423
"1855",0.841987063301624,-0.068713284
"1856",-2.23053650320388,-1.834546835
"1857",1.44281814609442,0.368003888
"1858",0.140751300445199,0.674470289
"1859",1.12199051603574,0.514686369
"1860",0.0895881573731023,0.183618503
"1861",0.90272075118184,0.248603393
"1862",1.32036483465356,0.443211172
"1863",0.241310414808566,0.031050179
"1864",0.0923455238142277,-0.120535063
"1865",-0.208908437535746,-0.04600745
"1866",0.133631793229629,0.754259568
"1867",1.07656461927131,0.37008743
"1868",0.456877611091182,-0.121840685
"1869",-0.828070191176975,-0.278290886
"1870",0.702413333266103,0.156702902
"1871",0.0197999344645441,0.026716884
"1872",-3.21463294590934,-0.083033365
"1873",-1.37917864211325,-0.09792425
"1874",1.63235421814915,0.450135881
"1875",-0.441434876072269,-0.099632705
"1876",-1.26763882008444,-0.224210982
"1877",2.41215446893729,0.028359898
"1878",0.752440508519875,0.831258337
"1879",-0.259584400103966,-0.671916059
"1880",0.966506051451604,-0.058281424
"1881",-0.0928353537651726,-0.04558858
"1882",0.243386987916823,0.155969863
"1883",-0.977122699983101,0.031575172
"1884",-1.74555883528831,-0.810558635
"1885",1.37767608289601,0.87695014
"1886",-1.46473827278758,-0.863721675
"1887",-0.81587680802982,0.153205764
"1888",-1.49249017937282,0.230816812
"1889",1.84311691354045,0.145222391
"1890",-0.646517054002824,-0.941298728
"1891",1.4013290505268,0.638271272
"1892",1.79325301446568,0.09273361
"1893",-0.235101688537739,-0.078298734
"1894",1.23762025428103,0.727905107
"1895",-0.585910477328408,0.187282942
"1896",0.117855529735276,0.466261641
"1897",0.818155032051773,-0.005291426
"1898",1.41659231324946,0.059767836
"1899",0.235950040603517,0.535825834
"1900",0.178048573534964,-0.015367111
"1901",-0.294972103785813,-0.036793928
"1902",1.28644401166966,-0.106430101
"1903",0.0885159931086957,0.291890764
"1904",1.23576275996308,0.028262388
"1905",-0.647996248873665,-0.097316154
"1906",-2.51315449969737,-0.134201559
"1907",-3.21370693811454,-0.07284109
"1908",0.847797420474976,0.244612084
"1909",-0.0301179671205634,0.049252712
"1910",-0.904785955522223,-0.218604173
"1911",0.0668558140880748,0.188732141
"1912",0.473774446052581,0.164584465
"1913",-0.245192664362205,-0.241735214
"1914",-0.794183939765451,-0.036367465
"1915",-2.58817261581511,-1.458021856
"1916",1.15019706869685,0.127475696
"1917",1.56925032682884,0.999365144
"1918",-0.0569671035595227,-0.049893254
"1919",-0.465088352324104,0.141909552
"1920",-1.81668294740379,-1.555734222
"1921",-0.218863271464803,-0.183705369
"1922",-0.541909634551215,0.116197557
"1923",1.41759658218238,0.989169543
"1924",-0.92473243402358,-0.345957025
"1925",-0.581015318706693,-0.20766166
"1926",-0.757759227776226,0.167147162
"1927",0.0803699112615904,0.048695331
"1928",0.846282883740903,0.084246693
"1929",1.40819112816804,0.460453176
"1930",1.33561330045847,0.57046734
"1931",-0.239934365179933,0.198057825
"1932",-1.33573854205215,-0.757945848
"1933",0.261756628996176,0.312384233
"1934",1.19861374763781,-0.017845188
"1935",-1.39512454037975,-0.148996014
"1936",1.24084578661617,1.078097488
"1937",0.471299076765875,0.335830258
"1938",1.71733922848303,0.075683436
"1939",-0.74203743491254,-0.110132385
"1940",-0.547757205843106,0.184547743
"1941",-1.28508700035737,0.145486204
"1942",-0.445464282225341,0.110957955
"1943",0.344819312455946,0.063414675
"1944",-0.883454271389757,-0.305056572
"1945",-0.99493442160388,0.064758398
"1946",-1.61595992716356,-0.222452286
"1947",-0.126704485047812,0.007216421
"1948",1.29879719402688,0.407682233
"1949",0.579891094768442,0.120389082
"1950",0.516226097517987,0.369826274
"1951",-0.224934126386135,0.386651892
"1952",-0.218132626347991,0.215651121
"1953",0.86864721918739,0.124594362
"1954",1.58251918888363,0.563090398
"1955",0.886110966029992,-0.107421107
"1956",0.142380550367897,-0.1806064
"1957",-0.383176806408508,0.231971998
"1958",0.787007185187787,0.180188267
"1959",0.594210264798024,-0.168817689
"1960",0.200612782179509,0.087772191
"1961",0.338432492848458,0.174922265
"1962",0.276856488837837,0.067235258
"1963",-1.20930874833928,0.074205977
"1964",-1.04759605971556,0.032794416
"1965",-0.375727733833482,0.510379608
"1966",-1.70431994395887,-0.398039552
"1967",0.988581415333973,0.161660113
"1968",-0.306859401466843,-0.467395589
"1969",-0.0493466456381924,0.127013925
"1970",12.4130591654728,0.804060997
"1971",0.895206749428235,-0.319757729
"1972",-0.502674366210494,0.094401308
"1973",-0.144862308025405,0.159084385
"1974",-0.86083455218017,0.018994807
"1975",1.57586431239498,0.309228924
"1976",0.811743050419625,0.127044391
"1977",0.223725590592501,-0.018912071
"1978",0.860798364036396,0.144261384
"1979",-0.331563823225936,-0.376898148
"1980",-0.335335205816769,-0.089804684
"1981",0.33888114737771,0.098315089
"1982",0.676956523310251,-0.231228068
"1983",-0.896837545689079,-0.554099874
"1984",0.93641954011214,0.816265302
"1985",-0.653683688670271,-0.262941701
"1986",-0.316458177549306,0.127486992
"1987",1.16339300657043,0.65198386
"1988",1.4523413274444,-0.075054264
"1989",2.54821021907013,0.205398437
"1990",0.825416758723692,-0.038433159
"1991",-0.186653780265002,0.980033212
"1992",-2.74596793197601,-0.0369294
"1993",1.32421502587542,0.815758675
"1994",-1.23126040510085,-0.202658278
"1995",-2.47367278371549,-0.105271082
"1996",0.669739121416815,-0.374639051
"1997",0.939885412223728,-0.011411186
"1998",0.643567312621475,0.292806665
"1999",0.190367055614817,0.549120221
"2000",0.593762480059095,0.319684203
"2001",-0.329056680804139,0.154772365
"2002",-0.0815685205349539,-0.047306868
"2003",0.866413926187764,-0.407916777
"2004",0.414720144687602,0.893431347
"2005",0.965517446062755,0.534847839
"2006",-0.269134298642981,-0.323549789
"2007",-0.825375510181716,-0.082823618
"2008",-0.243156837166214,0.198368688
"2009",-0.546283667055577,-0.045827146
"2010",0.716386448680992,-0.105897574
"2011",0.466296166968092,0.079062824
"2012",0.324272440638452,0.183231905
"2013",-1.41199638912197,-0.519663243
"2014",1.65704065850757,0.826907853
"2015",1.26943688447272,0.637843324
"2016",0.446602574719805,0.402054262
"2017",1.60333189463983,0.700914585
"2018",1.43216570020565,0.166096392
"2019",0.466477569955069,0.130208347
"2020",0.130034765451389,-0.111284596
"2021",1.76614702243336,0.700902609
"2022",2.20932475635433,0.672692617
"2023",-0.0260504364082566,-0.353071313
"2024",-0.758504867930508,0.937100631
"2025",-0.129818126892875,-0.161769775
"2026",0.0973770352238785,0.437564815
"2027",2.49680979293979,0.803436443
"2028",2.61962513812988,0.217200493
"2029",-0.36984868977541,-0.056013264
"2030",1.49447052550972,0.060243942
"2031",1.73386343605383,1.177163804
"2032",1.10862845119636,-0.675473632
"2033",1.41062692791709,-1.095864257
