"","Date","ERP","D/P","svar","B/M","tbl","ltr","tms"
"1",194702,-1.12495837561771,-5.57382326727484,0.2111721471,68.0004433606739,0.38,-0.06,1.76
"2",194703,-1.33631160063593,-5.55436429757544,0.1364143447,68.5858021240917,0.38,0.21,1.76
"3",194704,-3.58030105751049,-5.53273051012048,0.2411282573,74.1534988713318,0.38,0.2,1.75
"4",194705,-0.497613495156655,-5.47471275921791,0.2307361465,77.0042194092827,0.38,-0.37,1.79
"5",194706,5.50973572604384,-5.44773704071913,0.2545085348,77.6366322008863,0.38,0.33,1.78
"6",194707,3.90353522726877,-5.48129660176096,0.1958778533,74.1116751269035,0.38,0.1,1.78
"7",194708,-2.470688042457,-5.50374649835214,0.1977447603,71.7327219128726,0.66,0.63,1.48
"8",194709,-1.01213585358774,-5.46252717339894,0.082439982,73.469387755102,0.75,0.81,1.35
"9",194710,2.45959393194801,-5.43598575959372,0.1385496857,74.0323398501324,0.8,-0.44,1.33
"10",194711,-2.51300467265352,-5.43606465143953,0.0869537564,72.2732522963533,0.85,-0.37,1.32
"11",194712,2.42428919720967,-5.38668450478911,0.0475960757,73.1992646649212,0.92,-1.74,1.37
"12",194801,-3.67211984603308,-5.38711286533117,0.1107304643,72.5325678957827,0.95,-1.92,1.48
"13",194802,-4.39156190546068,-5.34246702115946,0.1048863984,75.1888303959716,0.97,0.2,1.46
"14",194803,7.81652200240309,-5.29041179334021,0.1755637739,78.7769784172662,1,0.46,1.41
"15",194804,2.99118788736781,-5.36079494186558,0.2082021349,84.1422121896162,1,0.34,1.41
"16",194805,7.86629609116565,-5.38697444744736,0.0551969235,82.5993019777298,1,0.45,1.39
"17",194806,0.63807958806233,-5.46223531695952,0.1452757547,78.169235608682,1,1.41,1.31
"18",194807,-5.09706312452648,-5.4652266443471,0.0907056688,78.697350364193,1,-0.84,1.38
"19",194808,1.11543743283319,-5.40278215076729,0.2766991147,82.2257762091215,1,-0.21,1.41
"20",194809,-2.67557090502486,-5.40257341107205,0.1185139334,82.0538220241043,1.06,0.01,1.36
"21",194810,6.91281925893575,-5.36436337155028,0.2395501641,83.6231071228267,1.09,0.14,1.33
"22",194811,-11.036008397245,-5.4072221556395,0.0827563308,79.1905672402804,1.12,0.07,1.31
"23",194812,3.41718752557798,-5.27046041204507,0.6158903129,87.0911214953271,1.14,0.76,1.25
"24",194901,0.55102530872769,-5.27877277047507,0.096740501,84.0947546531303,1.16,0.56,1.21
"25",194902,-3.57184892657531,-5.26232488660392,0.1312986226,83.2402858418937,1.17,0.82,1.16
"26",194903,3.40853462962654,-5.20465323667422,0.1409678606,86.1550907199815,1.17,0.49,1.14
"27",194904,-1.6851712539698,-5.21715157947727,0.1120894145,90.1750423489554,1.17,0.74,1.1
"28",194905,-3.31074759390752,-5.18216086027051,0.0499270597,91.7499712742732,1.17,0.11,1.1
"29",194906,0.289395178169313,-5.13079628698849,0.1007660117,94.856260394393,1.17,0.19,1.1
"30",194907,6.51150253328091,-5.11552511075739,0.1697811674,95.3888424322064,1.17,1.67,1
"31",194908,1.66725396809014,-5.16929941324434,0.0640880894,90.7798999545248,1.02,0.33,1.14
"32",194909,2.80336912403103,-5.1747304052102,0.1073536357,89.3876637187955,1.04,1.11,1.06
"33",194910,3.37837740910181,-5.19167397707732,0.1547593749,87.5020546819352,1.07,-0.11,1.05
"34",194911,0.607245861830553,-5.18922628693305,0.0613502045,84.2566212936583,1.05,0.19,1.07
"35",194912,4.73993933830556,-5.15988285200267,0.0908861549,83.3724876011485,1.08,0.21,1.04
"36",195001,2.18688253471433,-5.17287348243553,0.0473239494,79.6429283861959,1.1,0.52,0.99
"37",195002,1.45863270990004,-5.18129491114237,0.0989152975,79.1416819465781,1.07,-0.61,1.08
"38",195003,0.87471602013763,-5.18255814366931,0.0426014256,78.4998033818325,1.12,0.21,1.02
"39",195004,4.85939777919006,-5.17803120067354,0.0624302478,82.5527784518321,1.12,0.08,1.03
"40",195005,4.28397169756847,-5.21364531591456,0.0714010739,79.6497471436599,1.15,0.3,0.99
"41",195006,-5.51138465274855,-5.24374581644468,0.0641262983,76.1346343210098,1.16,0.33,0.97
"42",195007,1.32684012220416,-5.17558460116574,0.5855716503,81.3447467839893,1.15,-0.25,1.01
"43",195008,3.67985095104648,-5.14855651292099,0.3110250034,81.2320916905444,1.16,0.55,0.98
"44",195009,5.90094898743969,-5.14628619513631,0.1075605126,78.4340849356757,1.2,0.14,0.94
"45",195010,0.887058588254435,-5.16757477761879,0.1318372969,75.1457854744654,1.3,-0.72,0.9
"46",195011,0.390380176702039,-5.13719085506718,0.1759406518,75.5966401493267,1.31,-0.48,0.94
"47",195012,4.99657983389936,-5.10283460777371,0.2457673046,74.7363796133568,1.36,0.35,0.88
"48",195101,6.40296470465176,-5.11566922581911,0.2489540943,72.2538441933566,1.34,0.16,0.9
"49",195102,1.10402617938646,-5.16383517184703,0.1704688583,68.3599244464092,1.34,0.58,0.87
"50",195103,-1.37834797729938,-5.15913397203392,0.0650643963,67.4866097996429,1.36,-0.74,0.92
"51",195104,5.14647343785096,-5.12958723695762,0.1227664949,78.1394600249467,1.4,-1.57,1.01
"52",195105,-3.67360372818766,-5.16786415740858,0.0848198137,74.943078763555,1.47,-0.63,1.01
"53",195106,-2.13913446890623,-5.11778515234144,0.1407420007,77.7889044662527,1.55,-0.69,0.99
"54",195107,7.08834334133156,-5.0828366879794,0.1136773276,80.0362677217277,1.45,-0.62,1.14
"55",195108,4.26582905049692,-5.15786337590885,0.1408207863,75.3121849065384,1.56,1.38,0.96
"56",195109,0.321402489941321,-5.2050594317397,0.0581779531,71.8593894542091,1.62,0.99,0.84
"57",195110,-0.976157079969168,-5.21293146202033,0.0254769042,71.6182327776958,1.63,-0.8,0.9
"58",195111,0.13371148709623,-5.22349920117272,0.1511076255,74.0232513817419,1.54,0.1,1
"59",195112,4.16515145918074,-5.24590545271058,0.1023981652,74.3292379530754,1.56,-1.36,1.08
"60",195201,1.90055280296271,-5.30974122677003,0.0427036368,72.1316346618133,1.73,-0.61,0.96
"61",195202,-3.3354928766336,-5.32282824337498,0.0538421081,71.7425837674092,1.57,0.28,1.11
"62",195203,5.013754360715,-5.28333274967189,0.0931600984,74.6693325130729,1.54,0.14,1.15
"63",195204,-4.02519335347024,-5.32760264581195,0.0631815169,75.1874118607586,1.59,1.11,1.04
"64",195205,2.65180889209717,-5.27654356699848,0.0807835279,78.6399099483756,1.57,1.71,0.97
"65",195206,4.84848614086942,-5.29246695286986,0.0526452611,77.0517988894805,1.67,-0.33,0.9
"66",195207,2.07133716285365,-5.33061763685674,0.0325270649,73.8715087872821,1.7,0.03,0.89
"67",195208,-1.13819818698448,-5.34809226738001,0.0344881781,72.4710258978395,1.81,-0.2,0.8
"68",195209,-1.62828010124647,-5.3334181987992,0.0289536674,73.6620127981384,1.83,-0.7,0.84
"69",195210,0.260648737870574,-5.31364753263828,0.0441172573,74.8678910609364,1.71,-1.3,1.06
"70",195211,4.85155200316688,-5.32206782522554,0.1026218008,75.2516435761245,1.74,1.48,0.95
"71",195212,3.75217800773132,-5.37684081232618,0.0459089125,71.423535218219,1.85,-0.15,0.87
"72",195301,-0.436437174757349,-5.42109970516965,0.0267717467,69.4073312778349,2.09,-0.86,0.7
"73",195302,-1.54770793642243,-5.41392309268709,0.0400958877,69.9175207923526,1.96,0.12,0.83
"74",195303,-2.08721614277164,-5.39555991410342,0.0490663735,71.2702712210223,1.97,-0.87,0.9
"75",195304,-2.39008687402085,-5.3717260060798,0.0682652466,76.2496873548433,2.01,-0.88,0.93
"76",195305,-0.0253846944807919,-5.3425171484619,0.1271594922,77.6706096451319,2.19,-1.05,0.84
"77",195306,-1.33010275941804,-5.33690204186414,0.0593166605,78.3752019979433,2.16,-1.48,0.98
"78",195307,2.80264681193086,-5.31811999384422,0.1105692139,79.5496905986729,2.11,2.23,0.9
"79",195308,-5.61511869961798,-5.34307526718953,0.0581014596,77.4929188757354,2.04,0.39,0.97
"80",195309,0.485007798181141,-5.28356113965712,0.0681473835,81.6935916086058,2.04,-0.08,0.99
"81",195310,5.34023808767724,-5.28484676228974,0.1105642591,80.8210877139827,1.79,2.99,1.05
"82",195311,1.25605480127313,-5.32753664479895,0.0572851756,77.3721039846271,1.38,0.74,1.43
"83",195312,0.554343085535895,-5.32949298401649,0.0376498263,75.8431957920176,1.44,-0.49,1.42
"84",195401,5.35827831084232,-5.32458989105923,0.0417268872,75.9700961196155,1.6,2.06,1.14
"85",195402,0.652486419840948,-5.36992237808016,0.0498224935,72.9847121994596,1.18,0.89,1.73
"86",195403,3.3441850075846,-5.36804117978688,0.0340712561,72.4519589868948,0.97,2.4,1.82
"87",195404,5.1332996411035,-5.39325641997957,0.0356548585,80.4915818259695,1.03,0.58,1.75
"88",195405,3.58956391364999,-5.44563936653233,0.0730701935,76.5039301036545,0.97,1.04,1.76
"89",195406,0.427991887763667,-5.48257982588773,0.0429853205,74.5976976396226,0.76,-0.87,2.03
"90",195407,5.8921078837466,-5.48785420975517,0.093542851,73.2467843972057,0.64,1.63,2.08
"91",195408,-3.12808618846938,-5.53886236617829,0.0613306736,70.2172913313405,0.72,1.34,1.94
"92",195409,8.28050952724748,-5.49970658780261,0.1144966555,72.7516378796903,0.92,-0.36,1.77
"93",195410,-1.65870795220374,-5.57502102883376,0.0691789464,67.7745103478888,1.01,-0.1,1.7
"94",195411,8.06187608486359,-5.53958369112079,0.0499174367,69.3758164366445,0.98,0.06,1.73
"95",195412,5.21712532592095,-5.60178405896701,0.1266825747,63.1641544070119,0.93,-0.25,1.81
"96",195501,2.04006997627476,-5.63608746188485,0.0882280984,60.4119785355721,1.15,0.64,1.57
"97",195502,0.608334239087091,-5.64966999383858,0.2517397902,59.7558887557175,1.22,-2.41,1.64
"98",195503,-0.242719816074096,-5.64891593373109,0.0604031132,59.3148323500134,1.17,-0.78,1.75
"99",195504,3.91332999158626,-5.63972247148927,0.2482548154,60.7761776909934,1.28,0.87,1.6
"100",195505,0.0912271754676363,-5.67462146193808,0.0628050342,58.4987665922706,1.59,0.01,1.31
"101",195506,8.10979171986012,-5.67116923161103,0.0745073396,58.6075413077249,1.45,0.73,1.42
"102",195507,6.06182456818406,-5.74813453688188,0.064574407,55.1641632327529,1.41,-0.76,1.52
"103",195508,-0.633576016344701,-5.79648977192234,0.2082118547,53.4506815498551,1.6,-1.02,1.4
"104",195509,1.26470271353919,-5.77820135842934,0.112040356,53.1846725618352,1.9,0.04,1.11
"105",195510,-2.95892226641595,-5.77914186804118,0.5711080807,53.3624791050534,2.07,0.73,0.91
"106",195511,7.33212157686564,-5.74410393511955,0.2679895779,54.7409149866995,2.23,1.44,0.69
"107",195512,0.0226635106174921,-5.81221785618649,0.1929161819,51.5250589744651,2.24,-0.45,0.71
"108",195601,-3.60178154818535,-5.80748307683423,0.0474703249,50.982800982801,2.54,0.37,0.41
"109",195602,3.52875133386399,-5.75217335752666,0.1179984062,52.8954412202065,2.41,0.83,0.51
"110",195603,6.80577743701077,-5.76846804380521,0.1100147203,51.4835108032668,2.32,-0.02,0.61
"111",195604,-0.121364381729981,-5.81793658303937,0.1008855821,53.1077199632662,2.25,-1.49,0.78
"112",195605,-6.68918379195939,-5.80247631803086,0.0814899402,52.6621715880028,2.6,-1.13,0.51
"113",195606,3.95276023442152,-5.7212629109457,0.1836428711,56.8559774082209,2.61,2.25,0.38
"114",195607,5.137059716695,-5.74662908492478,0.1037044865,55.156459271886,2.49,0.27,0.5
"115",195608,-3.77731944024311,-5.78948969037778,0.0495576343,52.4902956682953,2.31,-2.09,0.82
"116",195609,-4.55185023739899,-5.74335222787916,0.1235405334,54.139112421321,2.6,-1.87,0.65
"117",195610,0.594276448701201,-5.68955125472825,0.0787779448,57.1909521304577,2.84,0.5,0.4
"118",195611,-1.02461468876066,-5.71289030180534,0.1642010459,56.6427008440137,2.9,-0.54,0.39
"119",195612,3.50935466641182,-5.72048620397515,0.1731517026,57.4897415288295,2.99,-0.57,0.34
"120",195701,-4.20380785430351,-5.77412309652329,0.1020275623,54.4176827437083,3.21,-1.79,0.240000000000001
"121",195702,-3.24389950927996,-5.73335799215372,0.090194246,56.7242674680691,3.11,3.46,0.17
"122",195703,2.01577300514751,-5.70209065647241,0.1056040188,58.4994188799449,3.1,0.25,0.18
"123",195704,3.6878524274403,-5.72347175539516,0.0330297596,59.9818874918388,3.08,-0.24,0.23
"124",195705,3.67699539651044,-5.75975842987295,0.0302460063,57.6098389837366,3.07,-2.22,0.38
"125",195706,-0.096494285522,-5.7960401811678,0.0481771175,56.4038579605094,3.06,-0.23,0.42
"126",195707,1.17271991535716,-5.79477435821397,0.0578621411,56.5876532416698,3.29,-1.8,0.32
"127",195708,-5.73693962534894,-5.80034578745659,0.0553867662,56.0056634940612,3.16,-0.41,0.489999999999999
"128",195709,-6.34053409111835,-5.7368303287024,0.2147248218,58.8004542169919,3.37,0.02,0.3
"129",195710,-3.19785625386818,-5.66721278987448,0.1517109881,62.4150777996932,3.53,0.76,0.11
"130",195711,1.67408257870365,-5.62896151479305,0.4936011404,64.5746417558498,3.58,-0.5,0.11
"131",195712,-4.11581775044951,-5.63927391561658,0.3490078536,63.3071776290928,3.31,5.33,0.0900000000000005
"132",195801,4.33979106701122,-5.59132045279406,0.1251402443,65.3675778649958,3.04,3.07,0.19
"133",195802,-1.84946135586358,-5.63692537551358,0.0784465273,63.2860761743923,2.44,-0.84,0.86
"134",195803,3.28004402071394,-5.61982781740397,0.0736247717,64.7390434624477,1.53,1,1.72
"135",195804,3.37559622766667,-5.6539748438906,0.0519205729,66.8591637568269,1.3,1.02,1.91
"136",195805,1.73838826590865,-5.69286735399711,0.0746761583,65.524503136928,1.13,1.86,1.98
"137",195806,2.82388654383362,-5.71534257179684,0.0433117202,64.5558677328723,0.91,0.01,2.22
"138",195807,4.44926772201631,-5.74876689252623,0.0438202446,62.4660169810532,0.83,-1.6,2.41
"139",195808,1.34043672113326,-5.79096724701661,0.0695624596,59.3848784270065,0.91,-2.78,2.52
"140",195809,4.8087688745467,-5.80276430820505,0.0588961893,58.7263826357077,1.69,-4.35,2.02
"141",195810,2.56793074605328,-5.85000752728194,0.0510180329,56.1371196602079,2.44,-1.17,1.36
"142",195811,2.26986602224784,-5.87121253987909,0.0793475042,54.9869297890357,2.63,1.38,1.11
"143",195812,5.10442256837011,-5.88954171706283,0.1530210274,53.5823198076992,2.67,1.2,1.01
"144",195901,0.408716771066753,-5.93643495814853,0.0712771885,51.1779319797824,2.77,-1.81,1.05
"145",195902,0.022050379829068,-5.93642721780626,0.0584867984,50.2895817900195,2.82,-0.8,1.26
"146",195903,0.086765761927408,-5.93246266582612,0.0844733454,49.4946147473074,2.7,1.17,1.32
"147",195904,3.81598311570438,-5.92922845808391,0.0491508124,51.686028153097,2.8,0.17,1.23
"148",195905,1.89155033211721,-5.96351476562609,0.0492550209,49.8597194388778,2.95,-1.17,1.19
"149",195906,-0.37086625017598,-5.9785231999836,0.0427800914,48.3076779695242,2.84,-0.05,1.33
"150",195907,3.41030079643726,-5.97120483212292,0.0915070174,48.3219390926041,3.21,0.1,0.98
"151",195908,-1.54475127761206,-6.00178033888359,0.0487796016,46.0822664770033,3.2,0.6,0.97
"152",195909,-4.74245289493789,-5.98292726809957,0.1069699344,46.808446591713,3.38,-0.41,0.85
"153",195910,1.04480925756095,-5.93252359000525,0.1709844755,49.233789260385,4.04,-0.57,0.25
"154",195911,1.2277648982352,-5.94003420833305,0.061818331,48.0977420352614,4.05,1.5,0.16
"155",195912,2.60589794344894,-5.94950113150446,0.0499692726,47.1798294851179,4.15,-1.19,0.17
"156",196001,-7.49715919794406,-5.97310022921104,0.0307543518,45.7783796514366,4.49,-1.59,-0.0200000000000006
"157",196002,0.865694066069342,-5.87911359620179,0.0919417533,49.9502104012078,4.35,1.12,0.0600000000000003
"158",196003,-1.38337410157416,-5.86879392133747,0.1150245768,49.3556782835016,3.96,2.04,0.33
"159",196004,-1.73973635183724,-5.83571465107154,0.0969146461,54.9798083004914,3.31,2.82,0.8
"160",196005,2.66623508495044,-5.81631618451888,0.0645166099,56.3403689546286,3.23,-1.7,1.03
"161",196006,2.01383288879496,-5.84109778861094,0.0423558503,54.1966426858513,3.29,1.52,0.88
"162",196007,-2.40752967487487,-5.858724050434,0.0498947882,52.917486185258,2.46,1.73,1.61
"163",196008,2.67200676737203,-5.83364046191442,0.0977819962,54.9673276798599,2.3,3.68,1.52
"164",196009,-6.1326737293449,-5.85942654431607,0.0636967373,54.1542197159699,2.3,-0.67,1.6
"165",196010,-0.130776687991054,-5.79713269303232,0.1771622224,58.4341710621574,2.48,0.75,1.39
"166",196011,4.04285144657152,-5.79470073972444,0.1048714569,58.4120201254394,2.3,-0.28,1.61
"167",196012,4.61535576983541,-5.834180759091,0.0668674035,56.7630019088443,2.37,-0.66,1.62
"168",196101,6.19993627030283,-5.87941504329936,0.0450305539,55.0422965139879,2.25,2.79,1.55
"169",196102,2.70497151225035,-5.94236611677911,0.0741123684,52.2986732489972,2.24,-1.07,1.8
"170",196103,2.57074613132873,-5.97059823068764,0.054745936,51.2022716288062,2.42,2,1.5
"171",196104,0.440104325754883,-5.99752859775797,0.0414941168,54.6679869352526,2.39,-0.37,1.58
"172",196105,1.94780590614011,-6.00136384062733,0.1009208626,54.5004493819157,2.29,1.15,1.62
"173",196106,-2.87122573893419,-6.02032247322572,0.0404343422,53.0916293489494,2.29,-0.46,1.68
"174",196107,3.28327460418591,-5.9910520909256,0.0548907404,54.0821100649161,2.33,-0.75,1.71
"175",196108,1.98312731767492,-6.01989052808231,0.0628373737,52.4405631087231,2.24,0.35,1.8
"176",196109,-1.93354737949978,-6.03590762881315,0.0406215051,51.3792816068006,2.39,-0.38,1.71
"177",196110,2.84162387926722,-6.01261680346109,0.0822499606,52.751672109639,2.28,1.29,1.75
"178",196111,3.88623806447065,-6.03039384251186,0.0267508791,52.5485850664848,2.3,0.71,1.7
"179",196112,0.340529412242719,-6.05893626222299,0.0360390205,51.2610864745011,2.48,-0.2,1.56
"180",196201,-3.84252828535313,-6.05220564437735,0.0336901535,50.5922258391006,2.6,-1.25,1.55
"181",196202,1.62853493114799,-6.01029756908588,0.0811530651,52.8428571428571,2.72,-0.14,1.47
"182",196203,-0.570053115164841,-6.02315545677285,0.0265096747,52.2420732999082,2.73,1.03,1.41
"183",196204,-6.36346848568074,-6.01400276030133,0.0279492147,54.5724591555273,2.72,2.53,1.26
"184",196205,-8.92876990409916,-5.9467653453867,0.1019690809,57.9862624562247,2.73,0.82,1.21
"185",196206,-8.45232916297311,-5.85360258742364,1.0914839126,62.8994391548194,2.69,0.46,1.24
"186",196207,6.21461993485811,-5.76497803568312,0.6161130189,68.7357468643102,2.73,-0.76,1.28
"187",196208,1.5739573715791,-5.82336871935217,0.1843490301,64.522602980282,2.92,-1.09,1.2
"188",196209,-4.86460789625371,-5.8353199160633,0.0801946827,63.3310351620211,2.82,1.87,1.19
"189",196210,0.523886486598621,-5.78270028951996,0.1176996932,66.6344260596221,2.78,0.61,1.2
"190",196211,9.71936925996508,-5.77915083573623,0.3452184955,65.4153314003764,2.74,0.84,1.21
"191",196212,1.38218395283455,-5.86796091230875,0.1274819991,59.4178345910981,2.83,0.21,1.13
"192",196301,4.82236834430761,-5.87350543961383,0.0543885494,59.1627051065787,2.87,0.35,1.08
"193",196302,-2.89323889140811,-5.91833857040531,0.0699763846,56.4984989382734,2.91,-0.01,1.07
"194",196303,3.51322767079415,-5.88595005357134,0.0392123718,58.1953117929224,2.92,0.08,1.08
"195",196304,4.75496528169978,-5.91769283326104,0.0359924241,58.7528570591338,2.89,0.09,1.12
"196",196305,1.43528367776797,-5.95734923286249,0.0322163986,55.8729274069946,2.9,-0.12,1.15
"197",196306,-2.02537239400444,-5.96391441622735,0.0303663275,55.1612193243094,2.93,0.23,1.13
"198",196307,-0.345970090569653,-5.93590378682094,0.0261091848,56.7281575373472,2.99,0.19,1.08
"199",196308,4.73681164739178,-5.93092558741014,0.0529791206,57.6621658542197,3.18,0.31,0.89
"200",196309,-1.13432419374741,-5.97700861979494,0.032691562,54.9827236329732,3.32,0.21,0.76
"201",196310,3.13501114572781,-5.96440488186391,0.0329888133,54.7223624776539,3.38,0.04,0.720000000000001
"202",196311,-1.09593610661788,-5.98561312380699,0.0503542562,53.0964077168545,3.45,-0.26,0.7
"203",196312,2.3749988259453,-5.96462154750112,0.3110160133,53.4296221286575,3.52,0.51,0.62
"204",196401,2.61221856567331,-5.97848595147539,0.0273579501,52.5591454223737,3.52,-0.06,0.65
"205",196402,0.935411032684345,-5.99777116954266,0.018333878,51.0606870909415,3.52,-0.14,0.69
"206",196403,1.4562978688524,-6.00036003604497,0.0071700766,50.1162296598095,3.53,-0.11,0.71
"207",196404,0.56296373103835,-6.00823303806889,0.0114716826,52.3675441724354,3.54,0.37,0.7
"208",196405,1.09388898894211,-6.00716309821907,0.0254751154,52.5303106923049,3.47,0.47,0.76
"209",196406,1.58197552329362,-6.01147598057493,0.0225772266,51.9035780442625,3.48,0.5,0.74
"210",196407,1.75976925980305,-6.02073775745839,0.0397862397,51.2206855081179,3.48,0.69,0.71
"211",196408,-1.68140041836235,-6.03044484674887,0.019889939,50.636071810724,3.46,0.08,0.75
"212",196409,2.77886367767743,-6.0057830341587,0.0425925547,50.7942944375537,3.5,0.2,0.729999999999999
"213",196410,0.748772334684352,-6.02586597382531,0.0170494435,48.6537121445789,3.53,0.5,0.68
"214",196411,-0.578215606402942,-6.02574813961791,0.0187050558,48.7813258807898,3.57,0.43,0.64
"215",196412,0.316170897563735,-6.01245242996546,0.0212881775,48.6503775287573,3.64,0.17,0.58
"216",196501,3.18408783350941,-6.0083216641744,0.0351215695,48.7227300287143,3.84,0.3,0.39
"217",196502,-0.234373191718295,-6.0342943233474,0.0165821797,47.1723190749396,3.81,0.4,0.41
"218",196503,-1.54387839515188,-6.02621048014696,0.0393197317,47.1399477575597,3.93,0.14,0.31
"219",196504,3.2796392921728,-6.0050193234658,0.014462073,46.9489904954727,3.93,0.54,0.29
"220",196505,-0.857177014168812,-6.0308723125055,0.0162753799,45.2559334713925,3.93,0.36,0.29
"221",196506,-5.04332457821322,-6.01534696247465,0.033377064,45.466428478062,3.89,0.18,0.339999999999999
"222",196507,1.27131985994527,-5.9578007792879,0.1829378758,48.0858956487679,3.8,0.47,0.43
"223",196508,2.16010279947941,-5.96477788171522,0.0521856486,47.33821761517,3.84,0.22,0.4
"224",196509,3.07045766517069,-5.98072739886768,0.0107532411,46.7360877841227,3.84,-0.13,0.44
"225",196510,2.60391609379073,-6.00594565408551,0.0299084436,44.8537471254486,3.92,-0.34,0.41
"226",196511,-0.975245499115758,-6.02543326070736,0.0188382559,43.4420599071626,4.03,0.27,0.3
"227",196512,0.771711458844824,-6.00919531280483,0.014142668,44.0895311130124,4.09,-0.62,0.32
"228",196601,0.349438520040926,-6.01072637075678,0.0301364803,43.0637806161401,4.38,-0.78,0.12
"229",196602,-1.9383474079251,-6.00825706677766,0.0151802146,42.4398328435908,4.59,-1.04,-0.0199999999999999
"230",196603,-2.32816464402701,-5.9829501413425,0.0337064715,43.8496044711049,4.65,-2.5,0.119999999999999
"231",196604,1.90148122982201,-5.95367302799751,0.0931034095,49.0175935638051,4.59,2.96,0.0100000000000003
"232",196605,-5.68017749711121,-5.96799585598923,0.0351262513,48.5498243509554,4.62,-0.63,0.05
"233",196606,-1.72338667399001,-5.90639559748415,0.1935491515,51.2742203671655,4.64,-0.59,0.0900000000000005
"234",196607,-1.46993650420946,-5.88421768333127,0.0501211977,52.0974600620618,4.5,-0.16,0.27
"235",196608,-8.19678234797001,-5.8636311755981,0.1013783999,53.4943000778871,4.8,-0.37,0.0199999999999999
"236",196609,-0.835280673923956,-5.77569790058575,0.3165255475,57.4954655572608,4.96,-2.06,0.0300000000000002
"237",196610,4.49918431241366,-5.76172489480836,0.1600328165,58.5492495673064,5.37,3.32,-0.57
"238",196611,0.166416283438626,-5.81048428845482,0.2546772305,56.166131810128,5.35,2.28,-0.68
"239",196612,-0.264465925271028,-5.81590914805129,0.077440242,57.2644929824783,5.32,-1.48,-0.52
"240",196701,7.41137244989198,-5.81673777020219,0.0626959507,57.6945105575991,4.96,4.13,-0.41
"241",196702,0.0939473007634648,-5.8885316379831,0.073347678,53.3363141112379,4.72,1.54,-0.24
"242",196703,3.77851816703995,-5.88702632803386,0.0412400209,54.0047893062654,4.56,-2.21,0.0900000000000005
"243",196704,4.07441916726313,-5.92222533986415,0.0501140698,54.9550797939906,4.26,1.98,0.29
"244",196705,-5.41525822709687,-5.96359707238603,0.0837117224,53.0516693606822,3.84,-2.91,0.93
"245",196706,1.70777943288212,-5.90973075518474,0.0890352165,55.8201182321479,3.6,-0.39,1.22
"246",196707,4.33972096201656,-5.92709152951532,0.1070719063,55.3204845046846,3.54,-3.12,1.53
"247",196708,-1.27469052196523,-5.96914039770942,0.0218441638,52.6298327877555,4.21,0.68,0.840000000000001
"248",196709,3.10955539863209,-5.95506753557679,0.0296619562,52.8020947752666,4.27,-0.84,0.870000000000001
"249",196710,-3.06911643642236,-5.98503984323668,0.0358545187,51.3564845790258,4.42,-0.04,0.750000000000001
"250",196711,-0.0284214903690388,-5.95555341972203,0.0444913929,54.0955282242481,4.56,-4,0.93
"251",196712,2.43233805994562,-5.95661781577781,0.0954780029,54.3382697160343,4.73,-1.96,0.94
"252",196801,-4.6352630635374,-5.98255511269027,0.0270885974,52.5792445117168,4.97,1.92,0.59
"253",196802,-3.31241664660012,-5.93429810271983,0.0483346232,55.6302383485102,5,3.28,0.36
"254",196803,0.777891101667148,-5.89917022319836,0.0820429998,56.6210588935158,4.98,-0.33,0.439999999999999
"255",196804,7.67995177246453,-5.90513090650485,0.1395505766,56.6809806463892,5.17,-2.12,0.43
"256",196805,0.891226999789092,-5.97936804294369,0.1607558994,52.2352064195041,5.38,2.27,0.0899999999999998
"257",196806,0.698864779440614,-5.98598371540866,0.0386512886,53.0033370411568,5.66,0.43,-0.190000000000001
"258",196807,-2.05083151221038,-5.99059460359944,0.0499480796,53.0741813321452,5.52,2.3,-0.18
"259",196808,0.970077273484454,-5.9674958685564,0.0756619744,53.9637599093998,5.31,2.89,-0.139999999999999
"260",196809,3.59558958833451,-5.97445778365132,0.0316402181,53.1802100422986,5.09,-0.03,0.11
"261",196810,0.518275986792404,-6.0078639915776,0.0268231117,50.9195439147672,5.19,-1.02,0.12
"262",196811,4.46659753056624,-6.01065600833697,0.0268412974,50.0320246957654,5.35,-1.32,0.0800000000000002
"263",196812,-4.50016100024406,-6.05313185961069,0.0262966322,48.3717058513014,5.45,-2.69,0.21
"264",196901,-1.08328201105563,-6.00627292660507,0.0333982295,50.4900662251656,5.96,-3.63,0.0199999999999999
"265",196902,-5.09993464755908,-5.99480312369812,0.0606787096,50.367316738016,6.14,-2.06,0.0300000000000002
"266",196903,3.14017329325264,-5.94302868909675,0.0595574077,52.6397189602413,6.12,0.42,0.0599999999999996
"267",196904,1.86659338356617,-5.97366185409324,0.0541616684,55.7040236028563,6.02,0.1,0.18
"268",196905,-0.47314263565869,-5.99168960216704,0.0550428097,54.8422404176051,6.11,4.27,-0.18
"269",196906,-5.98675666763628,-5.98625871254198,0.0426896506,55.5804428516575,6.04,-4.9,0.31
"270",196907,-6.50388487774593,-5.92587755319219,0.0752240438,59.6777333684536,6.44,2.14,-0.21
"271",196908,3.62309268985966,-5.86168396378556,0.2305699552,63.9017989625615,7,0.79,-0.79
"272",196909,-2.84179401129947,-5.89885485630334,0.0918221055,62.2788985562673,6.98,-0.69,-0.68
"273",196910,4.0175495472969,-5.87139318093359,0.0891555403,64.0888462531823,7.09,-5.31,-0.320000000000001
"274",196911,-3.91256849719332,-5.91362976192326,0.0753722654,60.8768794027968,7,3.65,-0.470000000000001
"275",196912,-2.24700767265105,-5.87666043543033,0.050912543,64.1511756740121,7.24,-2.43,-0.480000000000001
"276",197001,-8.29951589853381,-5.85677516057827,0.1163582018,65.1082013094108,7.82,-0.68,-0.950000000000001
"277",197002,4.83721618352148,-5.77616790250625,0.1067089891,70.0346746230143,7.87,-0.21,-0.940000000000001
"278",197003,-0.111536599346226,-5.8264647124994,0.1058713553,67.0147507040986,7.13,5.87,-0.62
"279",197004,-9.70133666489374,-5.82686514726808,0.0963563407,69.0326769097598,6.63,-0.68,-0.0199999999999992
"280",197005,-6.51358843823377,-5.73097352898803,0.1614690313,73.6750580787153,6.51,-4.13,0.480000000000001
"281",197006,-5.32414115594758,-5.6670172935763,0.81518713,77.4227628347896,6.84,-4.68,0.59
"282",197007,6.87656427955219,-5.61464190286514,0.2651908556,79.3381417055579,6.68,4.86,0.410000000000001
"283",197008,4.1423551432825,-5.68432847804588,0.2126499185,73.8707568244973,6.45,3.19,0.42
"284",197009,3.05300694402032,-5.72677855428271,0.1887123897,70.9278296581129,6.41,-0.19,0.53
"285",197010,-1.32069899738122,-5.75819941203315,0.1057985943,71.2914760477468,6.12,2.28,0.68
"286",197011,4.49780079945438,-5.75197326893411,0.1043412169,71.7698283506041,5.91,-1.09,1.02
"287",197012,5.39987818771541,-5.80359330620741,0.0885427859,68.2920072032137,5.28,7.91,1.09
"288",197101,3.87032743896447,-5.86410153398367,0.0535191355,64.6426357697993,4.87,-0.84,1.61
"289",197102,0.863806679741115,-5.90697105480212,0.0541037055,62.4409902130109,4.44,5.06,1.68
"290",197103,3.59026771154292,-5.9192039798765,0.0451437973,61.7070423176268,3.7,-1.63,2.59
"291",197104,3.49205392245357,-5.95854931449225,0.0492715147,63.3811382509371,3.38,5.26,2.55
"292",197105,-4.32984032235488,-5.99526525110183,0.0307567587,60.8654101406955,3.86,-2.83,2.33
"293",197106,-0.0660411309366059,-5.95389424533833,0.0539272309,63.1409656205594,4.14,-0.06,2.1
"294",197107,-4.39957336246126,-5.95567021526469,0.0924558713,64.3221042709339,4.75,-1.59,1.66
"295",197108,3.39506673412387,-5.91454290235469,0.0518435466,66.7730624512191,5.4,0.3,1.03
"296",197109,-0.827764385612035,-5.951081303778,0.2451184988,63.8257596846571,4.94,4.71,1.16
"297",197110,-4.3678970922217,-5.94516642086214,0.0524263853,64.6084829630632,4.69,2.04,1.29
"298",197111,-0.333658550656315,-5.90463507023211,0.0661946377,68.3194278903457,4.46,1.67,1.42
"299",197112,8.18331119583037,-5.90424720015053,0.1866275897,68.9489258305868,4.22,-0.47,1.74
"300",197201,1.76046568405473,-5.98908386536982,0.118302634,64.3900247135475,4.01,0.44,1.96
"301",197202,2.47228554203906,-6.00704289776919,0.0494219787,63.5356972632652,3.38,-0.63,2.68
"302",197203,0.517435174594323,-6.03203113442176,0.0284376378,61.7585898527146,3.2,0.88,2.82
"303",197204,0.366111689354501,-6.0379253368256,0.0545087075,64.5901987881365,3.73,-0.82,2.4
"304",197205,1.63902226013843,-6.04230008201652,0.0383408772,63.6783801628641,3.71,0.27,2.44
"305",197206,-2.29301352606133,-6.05942757252455,0.076902877,63.244233491548,3.69,2.7,2.28
"306",197207,0.140152616233285,-6.03736547864171,0.0365358066,65.4015478509844,3.91,-0.65,2.16
"307",197208,3.28344962767976,-6.03861205335702,0.0595478606,65.7049549062439,3.98,2.16,1.95
"308",197209,-0.642955527712545,-6.07139949011195,0.0594997132,63.0467039523518,4.02,0.29,1.93
"309",197210,0.764673085415854,-6.06544496010597,0.0465713259,63.7385001101472,4.66,-0.83,1.4
"310",197211,4.28629754136584,-6.06717274369895,0.0858267283,63.5884125920965,4.74,2.34,1.17
"311",197212,0.976389238603875,-6.10428754617623,0.0488460044,59.673348326966,4.78,2.26,0.99
"312",197301,-1.94931161150275,-6.10861246048198,0.0517178222,59.5674594615792,5.07,-2.29,0.92
"313",197302,-4.05093200888796,-6.08923775365193,0.0515628211,60.8196032111469,5.41,-3.21,1.44
"314",197303,-0.412987585861009,-6.04891901858967,0.1264571656,63.6183735223596,5.6,0.14,1.28
"315",197304,-4.4379182816781,-6.04537900891103,0.1557542662,67.6018128095393,6.09,0.82,0.77
"316",197305,-2.18100721903715,-5.99847858668628,0.1517540915,69.7719848496359,6.26,0.46,0.609999999999999
"317",197306,-0.999966724681454,-5.97419980232382,0.3077462359,71.3215961660066,6.36,-1.05,0.67
"318",197307,3.31148448215956,-5.96241306957164,0.2164597674,72.0974307790649,7.19,-0.21,-0.0900000000000012
"319",197308,-4.19761483953531,-5.99452781850188,0.1868018331,69.3976683937824,8.01,-4.33,-0.410000000000001
"320",197309,3.49383521312664,-5.95201942330071,0.1095856397,72.4337235372985,8.67,3.91,-1.39
"321",197310,-0.47492505341702,-5.98622146836293,0.0934546886,67.8808995882167,8.29,3.18,-1.26
"322",197311,-12.4485980816819,-5.97377782273561,0.134471653,67.2081791381798,7.22,2.15,-0.33
"323",197312,1.31277356824975,-5.84187077146323,0.4369728112,78.1878990574643,7.83,-1.83,-0.71
"324",197401,-1.36213875641001,-5.84739600736219,0.5358381049,75.5588463436993,7.45,-0.82,-0.19
"325",197402,-0.658911393395931,-5.83139935214471,0.3409512331,75.1446437963883,7.77,-0.83,-0.369999999999999
"326",197403,-2.71210205046528,-5.82190333498479,0.1878013958,74.7097718847687,7.12,-0.24,0.360000000000001
"327",197404,-4.35638608943447,-5.79251717207736,0.1693666146,81.5184012850192,7.96,-2.92,-0.130000000000001
"328",197405,-3.76446446749612,-5.74688625698107,0.1729144719,82.4858081864356,8.33,-2.53,-0.169999999999999
"329",197406,-1.79500683123177,-5.70699569752643,0.2098705837,86.0416121271052,8.23,1.23,-0.13
"330",197407,-8.35528164753466,-5.68649097754614,0.2300340653,86.0158771700253,7.9,0.45,0.219999999999999
"331",197408,-9.79524942256308,-5.59697300293802,0.4917533944,91.1239322445639,7.55,-0.29,0.68
"332",197409,-12.9074595989908,-5.49389339014394,0.4791049398,101.712399422323,8.96,-2.32,-0.410000000000001
"333",197410,14.888960738068,-5.35842407612918,0.7811715073,113.544014345172,8.06,2.47,0.309999999999999
"334",197411,-5.65775165330021,-5.50854012857363,1.008495381,103.708378410867,7.46,4.89,0.49
"335",197412,-2.19317735094983,-5.45296481116024,0.3513838511,111.563702195067,7.47,2.95,0.24
"336",197501,11.4547965736277,-5.43168207861546,0.3814438361,112.001817473712,7.15,1.71,0.449999999999999
"337",197502,5.73058650249617,-5.54105880514222,0.4017213153,98.0829626682204,6.26,2.25,1.7
"338",197503,2.05594183164202,-5.59279893282662,0.2179069977,93.3901630471551,5.5,1.31,2.38
"339",197504,4.50275819775884,-5.60788356572658,0.2402642527,97.2466315172818,5.49,-2.67,2.75
"340",197505,4.21811348382659,-5.65043987831569,0.2313727147,90.9489371027833,5.61,-1.82,2.91
"341",197506,4.21708922944284,-5.68998073650566,0.1807184419,89.7523699671989,5.23,2.12,3.13
"342",197507,-7.16692814644033,-5.72974966743187,0.1353354597,84.983901978407,5.34,2.92,2.79
"343",197508,-2.30956580590722,-5.65969820152418,0.1244414697,89.836562398528,6.13,-0.87,2.16
"344",197509,-3.69161319035927,-5.63840262935428,0.2343157234,89.4246654057031,6.44,-0.68,2
"345",197510,5.83202337336753,-5.60314275416498,0.2304586604,94.0948254144203,6.42,-0.98,2.2
"346",197511,2.32159852169118,-5.66565953710511,0.2154639746,89.3497918759868,5.96,4.75,2.23
"347",197512,-1.27034685287442,-5.69277358915175,0.0812701107,86.792847432814,5.48,-1.09,2.9
"348",197601,11.0803388137058,-5.68391245378478,0.1330807549,87.6338851022395,5.44,3.9,2.61
"349",197602,-1.24494406170125,-5.79482283211871,0.1978297511,76.5933885653351,4.87,0.9,3.15
"350",197603,2.90571494933171,-5.7824490110439,0.1221425077,76.8036520290764,4.88,0.62,3.14
"351",197604,-1.20582574766757,-5.81177367337255,0.1265716703,78.4031217169443,5,1.66,2.92
"352",197605,-1.56890860372871,-5.79441476007541,0.1007129706,78.6076139840498,4.86,0.18,3.11
"353",197606,3.86130455674617,-5.77368037724125,0.0936506002,80.3502763450673,5.2,-1.58,3.01
"354",197607,-0.938806993979143,-5.8075672814515,0.0971600383,78.1427631185305,5.41,2.08,2.66
"355",197608,-0.632255726647876,-5.79153236515727,0.0487170151,79.582385440364,5.23,0.78,2.82
"356",197609,2.12081881739724,-5.77851104701752,0.0744545333,80.4732269394294,5.14,2.11,2.76
"357",197610,-2.34105447365234,-5.7930769576604,0.0890683197,79.1363273715146,5.08,1.45,2.73
"358",197611,-0.850954387410946,-5.75342248964248,0.1270001954,81.2079632719472,4.92,0.84,2.87
"359",197612,5.06832964180287,-5.72874122206964,0.1117929022,82.7262937860265,4.75,3.39,2.74
"360",197701,-5.23540221221861,-5.76330845397023,0.05762291,77.9973124968895,4.35,3.27,2.86
"361",197702,-2.23294047499425,-5.69999908889606,0.0695639459,82.1065205318692,4.62,-3.88,3.02
"362",197703,-1.44090911003321,-5.66677540148051,0.033467874,83.6803998205933,4.67,-0.49,3.08
"363",197704,0.00155223355886197,-5.64144995129179,0.0665745729,86.8429928301764,4.6,0.91,3.12
"364",197705,-2.42507057182317,-5.6282187289059,0.0984868491,86.1150070126227,4.54,0.71,3.17
"365",197706,4.37961390495658,-5.59111491905947,0.0634798808,88.8211336879354,4.96,1.25,2.69
"366",197707,-1.69627636545246,-5.62239329514695,0.0563353626,87.1112081196115,5.02,1.64,2.52
"367",197708,-2.20034438766356,-5.59539089721983,0.059469182,89.6783399058501,5.19,-0.7,2.49
"368",197709,-0.343589523425955,-5.56359154774374,0.0582451827,92.6534260409291,5.49,1.98,2.05
"369",197710,-4.53928374098721,-5.55068309387225,0.0463183469,94.2262516084098,5.81,-0.29,1.83
"370",197711,2.55837808361584,-5.49379197327047,0.0726166171,97.537728355838,6.16,-0.93,1.65
"371",197712,0.188140516674444,-5.50804252570584,0.1387517428,96.2034470290466,6.1,0.93,1.67
"372",197801,-6.44486534739381,-5.49867654765854,0.0626625677,96.0333024531684,6.07,-1.68,1.96
"373",197802,-2.58904788694492,-5.42595340586126,0.0908055942,103.673108894431,6.44,-0.8,1.72
"374",197803,2.38711608394305,-5.3917265893044,0.066988668,107.556729369913,6.45,0.04,1.77
"375",197804,8.08896163671894,-5.40728387279985,0.0622854794,111.149255307912,6.29,-0.21,2.02
"376",197805,0.306551472255937,-5.48163704600382,0.1741161247,100.535040366885,6.29,-0.05,2.09
"377",197806,-1.90605045821332,-5.47831131757716,0.1085058986,100.141563864337,6.41,-0.58,2.11
"378",197807,5.07681897106932,-5.45307304226349,0.1027411248,102.790158129312,6.73,-0.62,1.92
"379",197808,2.37231725114004,-5.49813919712977,0.0849930441,97.6260336089624,7.01,1.43,1.57
"380",197809,-0.973655320111117,-5.5163488735345,0.1002244512,96.0060217604525,7.08,2.18,1.35
"381",197810,-9.81823773049724,-5.50172968243992,0.0948015473,97.225751310896,7.85,-1.06,0.749999999999999
"382",197811,1.37656297497453,-5.40237259740591,0.2100022365,106.227522241151,7.99,-2,0.900000000000001
"383",197812,1.16275559791846,-5.41557321806474,0.3180904198,105.352740197489,8.64,1.89,0.13
"384",197901,3.54701313594859,-5.4270592010201,0.1665670851,104.570129563608,9.08,-1.3,-0.1
"385",197902,-4.04926619240358,-5.45752573528139,0.1001124969,100.307428326303,9.35,1.91,-0.49
"386",197903,5.00719739994789,-5.4118762403738,0.0814059317,104.077545065651,9.32,-1.35,-0.24
"387",197904,-0.189302701683182,-5.45719312930407,0.0800771208,103.30789394326,9.48,1.29,-0.460000000000001
"388",197905,-3.02237455635039,-5.44993015973485,0.0646828956,104.187624283542,9.46,-1.12,-0.24
"389",197906,3.47204182311942,-5.4143867169814,0.0924233336,108.31418043851,9.61,2.61,-0.579999999999999
"390",197907,0.535979156900467,-5.4435358166639,0.0571458265,105.786360721157,9.06,3.11,-0.29
"391",197908,4.79634179467221,-5.44168685830669,0.070768451,105.231445381725,9.24,-0.85,-0.29
"392",197909,-0.432224467159531,-5.48295957958851,0.0506455632,100.345864831067,9.52,-0.35,-0.449999999999999
"393",197910,-7.62381094099162,-5.47262138768304,0.1233084595,101.379498736598,10.26,-1.22,-0.989999999999999
"394",197911,3.63526423425364,-5.39311419028775,0.2589339926,109.194556822361,11.7,-8.41,-1.36
"395",197912,1.09972988785583,-5.42649297594371,0.155837428,108.311546178634,11.79,3.11,-1.7
"396",198001,5.02273197309602,-5.43482662182015,0.0469654957,106.195006795908,12.04,0.57,-1.92
"397",198002,-1.08421592458975,-5.48204144811608,0.1906400953,101.695495804076,12,-7.41,-0.86
"398",198003,-11.5220661451823,-5.46891833084772,0.1897608689,103.192993025465,12.86,-4.67,-1
"399",198004,3.39499140891185,-5.35290350941655,0.4621871478,109.373210308622,15.2,-3.15,-2.81
"400",198005,4.2799421144416,-5.3852055889323,0.2745573783,105.18199397841,13.2,15.23,-2.44
"401",198006,2.50607134073849,-5.4227754762234,0.1509751526,101.004877475466,8.58,4.19,1.79
"402",198007,6.04064376331538,-5.44149901500472,0.1371067203,99.0183427043967,7.07,3.59,2.99
"403",198008,0.233435824792182,-5.4972418424244,0.1362828574,91.8829919172048,8.06,-4.76,2.68
"404",198009,2.0357829705883,-5.49584298842928,0.170813206,92.1519638855231,9.13,-4.32,2.27
"405",198010,1.02372457509602,-5.51353502738519,0.2657406915,92.1687651487527,10.27,-2.62,1.58
"406",198011,8.97207939643283,-5.52449892140356,0.2190635643,92.9593613776244,11.62,-2.63,0.69
"407",198012,-4.35128855730984,-5.61706172723751,0.2419092186,86.5161978778666,13.73,1,-1.43
"408",198101,-5.52804621734975,-5.57771849316854,0.2951487128,89.1503023890289,15.49,3.52,-3.5
"409",198102,0.489317409376281,-5.52442426474507,0.1597440065,90.7238696464577,15.02,-1.15,-2.91
"410",198103,2.81674554049826,-5.53118273822198,0.1530896238,88.1815756531018,14.79,-4.35,-1.96
"411",198104,-3.11234578427386,-5.56019155504395,0.2075959138,92.4920557442697,13.36,3.84,-0.88
"412",198105,-1.11646406269658,-5.53063401463549,0.0832008886,93.0593836131295,13.69,-5.18,-0.369999999999998
"413",198106,-1.86126734030249,-5.52318922501579,0.0921692553,93.6223846735569,16.3,6.22,-3.65
"414",198107,-1.05074220192009,-5.50697147451618,0.0995535627,95.0474981573991,14.73,-1.79,-1.69
"415",198108,-7.25671951317213,-5.4980008103131,0.1102993744,97.4966923577714,14.95,-3.53,-1.25
"416",198109,-6.28446929224925,-5.42717573957128,0.1824936279,105.335405629233,15.51,-3.86,-1.06
"417",198110,4.12307590906366,-5.36517298641382,0.2761242621,109.237864420339,14.7,-1.45,0.120000000000001
"418",198111,3.12667017961075,-5.40754279633461,0.2078269502,108.90856841241,13.54,8.29,0.3
"419",198112,-3.50395276883136,-5.43790395165705,0.1504010913,104.445544331706,10.86,14.1,1.34
"420",198201,-2.32818616498404,-5.40182095556435,0.0905837892,106.114285714286,10.85,-7.13,2.49
"421",198202,-6.87127209100607,-5.37960669811042,0.2521890641,106.589369762369,12.28,0.46,1.87
"422",198203,-1.57410425472805,-5.31265357219115,0.1918264863,112.628731546962,13.48,1.82,0.539999999999999
"423",198204,3.3525915556934,-5.2979601599002,0.1795198381,118.575057427957,12.68,2.31,1.19
"424",198205,-4.49364911889381,-5.33274026378098,0.1246806589,114.998349757179,12.7,3.73,0.78
"425",198206,-2.5672211151426,-5.28835641616946,0.0854806512,119.042389633209,12.09,0.34,1.49
"426",198207,-2.73772848143882,-5.26344314085421,0.1490294112,120.158141711724,12.47,-2.23,1.65
"427",198208,10.727897570104,-5.2382286297156,0.0958580645,120.652980460054,11.35,5.01,2.17
"428",198209,0.573641991232125,-5.34600592868369,0.6415949309,108.24244710477,8.68,7.81,3.86
"429",198210,10.2547437647408,-5.35164362955017,0.2131259763,108.853556485356,7.92,6.18,3.91
"430",198211,3.29031990381771,-5.45535802427307,0.6125978821,98.3745412011455,7.71,6.34,3.41
"431",198212,1.25118828476309,-5.48987299568365,0.5491651352,93.8726810869063,8.07,-0.02,3.18
"432",198301,3.00084916683792,-5.50394597749061,0.2490242153,93.2214726622967,7.94,3.12,3.01
"433",198302,1.59556004357432,-5.53460467388692,0.3280872472,90.6944315329553,7.86,-3.09,3.27
"434",198303,2.93821488270451,-5.55148556038845,0.1911615843,87.68492387338,8.11,4.92,2.49
"435",198304,6.89304537035585,-5.58211346131151,0.157182419,78.0067785810996,8.35,-0.94,2.48
"436",198305,-1.56751504193525,-5.65291500988241,0.1423777741,71.8887620290328,8.21,3.5,2.3
"437",198306,3.07536789091857,-5.63904768606318,0.1084624141,73.4595576592943,8.19,-3.86,2.93
"438",198307,-3.75479822108217,-5.67222340231425,0.1399148087,72.1382041965367,8.79,0.39,2.4
"439",198308,0.703399277126254,-5.63577433983179,0.2292858037,73.5061123063325,9.08,-4.86,2.9
"440",198309,0.614130909312996,-5.6441602156358,0.1369031129,72.4822391790554,9.34,0.2,2.76
"441",198310,-1.8889252921382,-5.65140588695135,0.1057274073,71.4847582979897,9,5.05,2.57
"442",198311,1.35317117460794,-5.63183869794982,0.1115353835,71.9474371531179,8.64,-1.32,3.24
"443",198312,-1.27694751628839,-5.64485612666996,0.0836286269,69.0819893105124,8.76,1.83,3
"444",198401,-1.30236870710195,-5.63174245070403,0.0528106801,70.0359117777919,9,-0.59,2.97
"445",198402,-4.33944467153433,-5.61826130442781,0.07946188,72.2197643743139,8.9,2.44,2.9
"446",198403,0.925751014760604,-5.57442219102881,0.2019467171,76.344803097096,9.09,-1.78,3.08
"447",198404,0.116197834554053,-5.58364290410557,0.135458688,76.2475426864339,9.52,-1.56,3.01
"448",198405,-6.53350858578134,-5.58307685079129,0.1035540003,75.8658979286782,9.69,-1.05,3.15
"449",198406,1.30960028386473,-5.51590376487332,0.0933048582,80.3910033036159,9.83,-5.16,3.98
"450",198407,-2.0938009003753,-5.52727707650776,0.1675743782,78.4351819145178,9.87,1.5,3.87
"451",198408,9.60343003139587,-5.5075025820409,0.086566463,79.6391937450685,10.12,6.93,2.81
"452",198409,-0.839458003796291,-5.60537507163806,0.3126832816,72.542838007808,10.47,2.66,2.23
"453",198410,-0.44231430646156,-5.59872302779487,0.094320846,73.6050915298622,10.37,3.42,1.98
"454",198411,-1.85736950052331,-5.59191060116924,0.1291860757,73.5642465503818,9.74,5.61,1.99
"455",198412,1.91786000808968,-5.56997602510844,0.1020283262,74.7051995895503,8.61,1.18,3.08
"456",198501,6.85306615325822,-5.58544151446456,0.1190055072,73.3098376486707,8.06,0.91,3.64
"457",198502,0.527595238810843,-5.65117296452485,0.1635853682,69.0255445806166,7.76,3.64,3.51
"458",198503,-0.647719326776351,-5.65411358792725,0.0745302916,69.1739160909962,8.27,-4.93,3.82
"459",198504,-0.765232396585836,-5.6455114777572,0.0802260543,72.3645779061873,8.52,3.07,3.29
"460",198505,4.98122295605971,-5.63743095014105,0.0459898226,72.8661590067247,7.95,2.42,3.67
"461",198506,0.964237795950256,-5.68660949080513,0.0833860699,69.6892983936567,7.48,8.96,3.14
"462",198507,-0.735480434477227,-5.69521877887933,0.0741522719,68.6430143920447,6.95,1.42,3.6
"463",198508,-1.45565239984005,-5.68606249792807,0.0718633286,68.0322089873465,7.08,-1.8,3.83
"464",198509,-3.76587610880474,-5.66971557765878,0.0629704586,68.717625804904,7.14,2.59,3.54
"465",198510,3.91258648186971,-5.63011396636365,0.0865848317,68.9958829772021,7.1,-0.21,3.72
"466",198511,6.02602951547061,-5.66919629804923,0.0911757935,66.7025634682132,7.16,3.38,3.35
"467",198512,4.12871922977034,-5.72968767354445,0.0943071908,62.2703158009143,7.24,4.01,2.87
"468",198601,-0.0391205781830859,-5.7712281583039,0.1230100953,59.269268816231,7.1,5.41,2.46
"469",198602,6.61097008705782,-5.76854137453126,0.1920143736,58.3517399856142,7.07,-0.25,2.51
"470",198603,4.87893816511802,-5.83256577078465,0.1089309137,53.6376721706669,7.06,11.45,1.35
"471",198604,-1.64434266559577,-5.87901328224134,0.1373752759,51.9627627693678,6.56,7.7,1.1
"472",198605,4.66128392788875,-5.86144414407712,0.2458975289,52.9714458682272,6.06,-0.8,1.76
"473",198606,1.15366365291543,-5.90714495088688,0.1369939443,50.3540770817015,6.15,-5.05,2.33
"474",198607,-6.24518188130678,-5.91785787378443,0.1596567916,49.9281457373515,6.21,6.13,1.69
"475",198608,6.68685195321831,-5.85204761289182,0.2415861728,53.2301400882099,5.83,-1.08,2.26
"476",198609,-9.06825243979794,-5.91551219861382,0.1260621372,49.7803343974209,5.53,4.99,2.1
"477",198610,5.17896018658698,-5.82092266838904,0.4207378424,53.4629267133595,5.21,-5,3.06
"478",198611,1.95606152369659,-5.87218342200872,0.099061284,50.3245802290967,5.18,2.89,2.85
"479",198612,-3.04486423639776,-5.89141503631228,0.1730877451,49.3671084456936,5.35,2.67,2.44
"480",198701,12.1785697904241,-5.86070364026324,0.1262323723,49.8430865792874,5.53,-0.18,2.36
"481",198702,3.40472897541577,-5.98207116956126,0.2478285319,43.7897351300254,5.43,1.61,2.35
"482",198703,2.37798953265074,-6.01592261061788,0.1412264196,42.4911982517907,5.59,2.02,2.04
"483",198704,-1.37805873391117,-6.03956931029102,0.1971102041,42.8040213651294,5.59,-2.23,2.36
"484",198705,0.37376618745843,-6.02088464347511,0.4193837504,43.1471859199776,5.64,-4.73,2.95
"485",198706,4.44209412659409,-6.01978316729723,0.2489211032,43.0490886161016,5.66,-1.05,3.14
"486",198707,4.46043210226284,-6.059518010353,0.1070386529,40.7892397448037,5.67,0.98,3.1
"487",198708,3.15150354384564,-6.10115226111232,0.0818161763,38.3543216164412,5.69,-1.78,3.38
"488",198709,-2.75422414806508,-6.13008205666419,0.1776141993,37.0453820011641,6.04,-1.65,3.32
"489",198710,-24.7644832862097,-6.10021538303267,0.253482711,37.9966721617083,6.4,-3.69,3.52
"490",198711,-9.07782949192237,-5.84903026568643,7.094510377,49.4850842475408,6.13,6.23,3.13
"491",198712,6.84995202730111,-5.75409355166634,0.6785509495,53.8027324043522,5.69,0.37,3.62
"492",198801,3.76731840788082,-5.81873138066761,0.6852201976,50.881201549388,5.77,1.65,3.43
"493",198802,3.9027592474613,-5.85308422366928,0.9157584519,50.3773835421965,5.81,6.66,2.71
"494",198803,-3.57738592392349,-5.88879639879334,0.1967351762,47.6197372104923,5.66,0.52,2.88
"495",198804,0.734740630893643,-5.84965637856105,0.1659187875,50.7529953824331,5.7,-3.07,3.31
"496",198805,0.0868002437537396,-5.84866278828418,0.3459578852,49.6474489871232,5.91,-1.6,3.38
"497",198806,3.97860849060455,-5.84156603253197,0.2555747511,49.6770254834771,6.26,-1.02,3.26
"498",198807,-0.81716531633288,-5.87374922313528,0.236133189,47.1118872302973,6.46,3.68,2.71
"499",198808,-4.22453872145987,-5.86005125356655,0.1910623105,47.3991534858812,6.73,-1.7,2.74
"500",198809,3.58402100398406,-5.81248234628637,0.1390325638,49.6640661531268,7.06,0.58,2.44
"501",198810,2.23774819081052,-5.84330539591363,0.119275107,47.7540453687095,7.24,3.45,1.93
"502",198811,-2.25826447686502,-5.85877190771905,0.1631510286,46.9597188932586,7.35,3.08,1.54
"503",198812,1.07996450413842,-5.82963598698523,0.1348001013,47.7179110053866,7.76,-1.96,1.47
"504",198901,6.45838899862849,-5.83425277666332,0.0628121041,46.5283573968099,8.07,1.1,1.11
"505",198902,-3.35955380254959,-5.8940692428222,0.0964584305,43.076949349363,8.27,2.03,0.760000000000001
"506",198903,1.60945373773512,-5.85589272563147,0.1176070367,44.6778457219524,8.53,-1.79,0.820000000000001
"507",198904,4.44158483286721,-5.8677567425973,0.1286451399,46.8691413573303,8.82,1.22,0.47
"508",198905,3.01950412734884,-5.90481566386392,0.0955610355,44.4435257152307,8.65,1.59,0.53
"509",198906,-1.20114291468576,-5.92767118684844,0.1073056654,43.344152571417,8.43,4.01,0.35
"510",198907,8.06589989322607,-5.90817099789864,0.1429536463,44.056293697696,8.15,5.5,0.0600000000000003
"511",198908,1.1348815379592,-5.98115418958454,0.1018822905,40.4035089038058,7.88,2.38,0.130000000000001
"512",198909,-1.04447320217042,-5.98498866713442,0.1380458433,39.2727060173092,7.9,-2.59,0.509999999999999
"513",198910,-2.9193452385286,-5.96699200532541,0.0550205081,39.9209750373215,7.75,0.19,0.72
"514",198911,1.26515119447585,-5.9315752880902,0.5635950423,40.6414928849033,7.64,3.79,0.460000000000001
"515",198912,1.74559101760091,-5.93815973151552,0.0844816369,39.7225701796199,7.69,0.78,0.389999999999999
"516",199001,-7.4828464894079,-5.94962439536419,0.0923442697,39.0454743571117,7.63,-0.06,0.530000000000001
"517",199002,0.488924352793362,-5.87042594861765,0.2892101061,41.4971395925174,7.64,-3.43,1.01
"518",199003,2.0174452280046,-5.87109178779475,0.1008572323,40.917308973261,7.74,-0.25,1.02
"519",199004,-3.08332961365153,-5.88728140251687,0.1032253721,47.1333956360977,7.9,-0.44,0.990000000000001
"520",199005,8.42321273680934,-5.8499167023777,0.0966788808,48.0284256011081,7.77,-2.02,1.47
"521",199006,-1.26360103891181,-5.92790926255955,0.1361473774,44.3569973510947,7.74,4.15,1.09
"522",199007,-0.882824701685596,-5.90907406284113,0.1350807348,44.2949432254078,7.73,2.3,0.91
"523",199008,-10.2213998913636,-5.8989618560635,0.1298437032,43.9212446647391,7.62,1.07,0.979999999999999
"524",199009,-5.54382190624606,-5.79504733837154,0.5827787285,48.8073562937009,7.45,-4.19,1.75
"525",199010,-0.941633578636058,-5.73767839283058,0.1984820978,52.0289665970772,7.36,1.17,1.78
"526",199011,5.54399260480094,-5.72388448886943,0.4492789359,52.2451920911589,7.17,2.15,1.81
"527",199012,2.1968950034498,-5.77506788928352,0.2439903771,49.8505655070029,7.06,4.02,1.52
"528",199101,3.84351624526984,-5.79261799085232,0.0794596454,48.4496859883204,6.74,1.87,1.7
"529",199102,6.29202933135051,-5.83263533623172,0.3193591585,46.6307799692295,6.22,1.3,2.15
"530",199103,1.97329661221554,-5.89708848714952,0.2431298828,44.2720440777467,5.94,0.3,2.47
"531",199104,-0.166315563383542,-5.91838761283846,0.1375058016,45.7125599719959,5.91,0.38,2.53
"532",199105,3.59027921779056,-5.91771609244337,0.207278941,46.12395987354,5.65,1.4,2.72
"533",199106,-5.09848892695161,-5.95455102639789,0.1585205973,43.9966969446738,5.46,0,2.99
"534",199107,4.18589840640076,-5.90445766055484,0.1179879395,45.8243743011955,5.57,-0.63,3.03
"535",199108,1.76009576513248,-5.94483358045082,0.1105340522,44.0356781560556,5.58,1.57,2.92
"536",199109,-2.10360336103981,-5.96079771099849,0.2037666692,43.7639637271652,5.33,3.4,2.85
"537",199110,1.02384091545014,-5.93798642587551,0.0474689959,44.1531837030997,5.22,3.03,2.68
"538",199111,-4.60030611750053,-5.95173370467714,0.1125638326,43.4003453781239,4.99,0.54,2.92
"539",199112,10.4838732764463,-5.90877254924141,0.2049025584,46.0154490306355,4.56,0.82,3.33
"540",199201,-2.07693737120225,-6.01652685248786,0.2049521867,42.0344417340154,4.07,5.81,3.23
"541",199202,0.880174435899369,-5.9931266553753,0.0872454924,41.322967845333,3.8,-3.24,3.96
"542",199203,-2.28938914666284,-5.99935711990544,0.091323614,40.7630525160933,3.84,0.51,3.93
"543",199204,2.68623191435618,-5.97400532573621,0.0469760075,40.2106034217647,4.04,-0.94,3.93
"544",199205,0.0412101222200322,-6.0016242959326,0.1661051806,38.7303471769268,3.75,0.16,4.28
"545",199206,-1.80443254704752,-6.0026960107154,0.0690032909,38.2998516285533,3.63,2.43,4.18
"546",199207,3.83690945434773,-5.98529294448357,0.075291923,39.2042353833141,3.66,2,3.99
"547",199208,-2.44084573409012,-6.02188414262953,0.0897480478,38.3348699693586,3.21,3.98,4.05
"548",199209,0.911157408770752,-5.99557089835166,0.0369558777,39.9405036924244,3.13,0.67,4.12
"549",199210,0.218693716726723,-6.00261633342331,0.0872211768,39.7656972109605,2.91,1.85,4.19
"550",199211,2.95984494207053,-6.00498935109658,0.0944148791,40.3251177750702,2.86,-1.98,4.55
"551",199212,0.974325739376282,-6.03507130580144,0.0508099605,39.3626458475283,3.13,0.1,4.35
"552",199301,0.687972458348133,-6.04539747127887,0.0471539998,39.4109614198953,3.22,2.46,4.04
"553",199302,1.03271592485691,-6.04989198813939,0.0348845692,39.3048104460834,3,2.8,4.25
"554",199303,1.83690530645338,-6.05780065093972,0.1146872153,38.5960196890833,2.93,3.54,4.05
"555",199304,-2.57717732700124,-6.07381124295454,0.1004723333,33.3613526387326,2.95,0.21,4.07
"556",199305,2.23123386071937,-6.04689125243282,0.1004797726,33.4349805952563,2.87,0.72,4.14
"557",199306,0.051355260035968,-6.06818127681245,0.0817303782,32.4882421479661,2.96,0.47,4.05
"558",199307,-0.554563184421856,-6.06776436371211,0.0573816684,32.5931247560944,3.07,4.49,3.61
"559",199308,3.35871806721808,-6.06252954152774,0.0608961767,32.3777030818894,3.04,1.91,3.52
"560",199309,-1.02228074229302,-6.0964884868685,0.0281577471,31.3864983338392,3.02,4.34,3.21
"561",199310,1.89247140366191,-6.08655685249426,0.0470664578,32.2351821462384,2.95,0.05,3.32
"562",199311,-1.33111843726205,-6.10422101350784,0.0314204803,31.1362832921683,3.02,0.96,3.21
"563",199312,0.973825234192124,-6.08968552324326,0.057632802,31.1079410810167,3.1,-2.59,3.41
"564",199401,3.16848942956611,-6.09818773412995,0.0269686267,30.5267222909008,3.06,0.2,3.48
"565",199402,-3.09538018785586,-6.1267320378215,0.0423485804,28.805856716298,2.98,2.57,3.39
"566",199403,-4.73656354688156,-6.09279864749584,0.1026088271,29.9058820868,3.25,-4.5,3.57
"567",199404,1.07561778422082,-6.04255675100197,0.0892130885,30.7483805069326,3.5,-3.95,3.75
"568",199405,1.12312263939299,-6.05066928536377,0.137367672,30.3664786213424,3.68,-1.5,3.77
"569",199406,-2.82175682415503,-6.0596712222431,0.0750498236,29.7469475701897,4.14,-0.82,3.45
"570",199407,2.9717225002815,-6.02916332118242,0.0797103586,30.8417076703078,4.14,-1,3.6
"571",199408,3.5482732499722,-6.05786291230078,0.0327270112,29.6985380772968,4.33,3.63,3.13
"572",199409,-2.87842742774762,-6.09253729703656,0.0560378693,28.5683819320023,4.48,-0.86,3.13
"573",199410,1.87950225203124,-6.06299848820013,0.0801875469,29.0904658598853,4.62,-3.31,3.38
"574",199411,-4.23036909439906,-6.0772673562635,0.1158421469,28.6071273713145,4.95,-0.25,3.14
"575",199412,0.995512659851042,-6.03065048430536,0.0836382829,29.8992614267059,5.29,0.66,2.79
"576",199501,2.15708963112833,-6.03660340644491,0.0704926681,29.156830000676,5.6,1.61,2.39
"577",199502,3.28911597098897,-6.06059104672021,0.0289388878,29.0853734381402,5.71,2.73,2.09
"578",199503,2.43883202138153,-6.09602975798431,0.0472432153,27.873003559222,5.77,2.87,1.81
"579",199504,2.50195447526815,-6.12299222520842,0.0484318742,31.3876541877654,5.73,0.91,1.82
"580",199505,3.30293979980146,-6.14574619742677,0.0256927642,30.1994700824701,5.65,1.69,1.8
"581",199506,1.85492044824218,-6.1766147476644,0.1011447259,29.2264254245637,5.67,7.9,1.1
"582",199507,2.87646874553508,-6.19289360800597,0.0696798653,28.6429617895339,5.47,1.39,1.23
"583",199508,-0.280945921635858,-6.21885051972265,0.0773224649,27.716036719066,5.42,-1.68,1.49
"584",199509,3.68579808967133,-6.213233700246,0.0206740527,28.3046134702171,5.4,2.36,1.34
"585",199510,-0.742850262380772,-6.24727957526556,0.0381459451,27.249499759269,5.28,1.75,1.35
"586",199511,3.76586073361766,-6.23707118335349,0.0487822331,27.4420245259261,5.28,2.94,1.13
"587",199512,1.48830272884929,-6.27211055163763,0.0546172377,25.7168851517,5.36,2.49,0.87
"588",199601,2.97573717668377,-6.28424132184616,0.0820543127,25.5026382939535,5.14,2.72,0.890000000000001
"589",199602,0.47127572702523,-6.30872755039757,0.1383944073,24.1877172100794,5,-0.11,1.09
"590",199603,0.557972503760596,-6.30808438855017,0.1267622315,23.7894737103458,4.83,-4.83,1.76
"591",199604,1.10277606531894,-6.30847341497913,0.1741708038,23.9299615408504,4.96,-2.1,1.88
"592",199605,2.01905542393426,-6.31782927782673,0.0981833496,24.0075806207283,4.95,-1.65,2.11
"593",199606,-0.0206533184892225,-6.33645508075869,0.1125309638,23.6923515495889,5.02,-0.54,2.15
"594",199607,-4.92361806637561,-6.33475457822913,0.0394793174,23.6443725243978,5.09,2.03,1.94
"595",199608,1.62955532823408,-6.27883703681407,0.235515247,24.1819893792536,5.15,0.18,1.92
"596",199609,5.02998743970515,-6.28846807697005,0.1121505096,23.8061117867028,5.05,-1.39,2.21
"597",199610,2.33859792296716,-6.33229656695949,0.0686235437,22.7297318100821,5.09,2.9,1.95
"598",199611,6.82561996234538,-6.35276418436085,0.0606627549,22.1747655849388,4.99,4.04,1.72
"599",199612,-2.41485691764695,-6.41827371984401,0.0703721665,20.5007919095579,5.03,3.51,1.4
"600",199701,5.69114411378077,-6.3912622397141,0.1709075039,20.73427296955,4.91,-2.56,1.82
"601",199702,0.33237250109099,-6.44719962037579,0.1360087218,19.6240102860484,5.03,-0.79,1.86
"602",199703,-4.61666914155906,-6.44954912406944,0.1474759957,19.4395410774791,5.01,0.05,1.93
"603",199704,5.40411116727772,-6.40245259203329,0.2001483942,21.4780202270185,5.14,-2.52,2.09
"604",199705,5.42108836871145,-6.45696091603065,0.3005057421,20.174104781366,5.16,2.55,1.89
"605",199706,3.98614833824555,-6.5116361931788,0.2007420065,19.2878587876254,5.05,0.97,1.96
"606",199707,7.23503388784433,-6.55192613327583,0.197444254,18.4287615030373,4.93,1.95,1.95
"607",199708,-6.20218469982886,-6.62337341687106,0.2010166339,17.1964942963064,5.05,6.26,1.32
"608",199709,4.90204566463761,-6.56045120235602,0.2464727931,18.550540381833,5.14,-3.17,1.58
"609",199710,-3.78181279332571,-6.60849400135645,0.2626512305,17.7967857048126,4.95,3.16,1.54
"610",199711,4.06932645976154,-6.56984900550154,0.9363707743,19.0000677328228,4.97,3.41,1.26
"611",199712,1.2648272639767,-6.60992409493989,0.2662119848,18.0746298767923,5.14,1.48,1
"612",199801,0.72283720804704,-6.62199946522134,0.2249391122,17.8800884204059,5.16,1.84,0.86
"613",199802,6.50832847615596,-6.62900585141906,0.2468889924,17.8840273446717,5.04,2,0.85
"614",199803,4.57378664156637,-6.69400122827441,0.1053364128,16.5463097108665,5.09,-0.72,0.9
"615",199804,0.609843579111465,-6.73966608181799,0.1136787763,18.1140395965667,5.03,0.25,0.989999999999999
"616",199805,-2.19537522045742,-6.74213793886891,0.1614757723,17.587292223931,4.95,0.26,1.09
"617",199806,3.57105658598679,-6.71661142779753,0.0958824197,17.9102205714933,5,1.82,0.92
"618",199807,-1.46180739085357,-6.7488132014158,0.2097330436,17.806060597751,4.98,2.28,0.779999999999999
"619",199808,-16.0262384508984,-6.7331044949501,0.2228142799,17.9438108888199,4.96,-0.4,0.88
"620",199809,5.80138688492466,-6.57150923785649,0.933401663,21.1432091595914,4.9,4.65,0.57
"621",199810,7.51638396476338,-6.62804235945452,0.9970951274,20.3248404232259,4.61,3.95,0.56
"622",199811,5.49337008978405,-6.70420260618231,0.5171595246,18.5519076848694,3.96,-2.18,1.44
"623",199812,5.22891770938597,-6.76057466786147,0.193673468,17.4846844475158,4.41,0.97,0.94
"624",199901,3.76402997446601,-6.81434733324101,0.3286906692,17.3611315365501,4.39,-0.32,1.03
"625",199902,-3.54076317179346,-6.84932383179916,0.3335622608,17.032061914448,4.34,1.21,1.02
"626",199903,3.54324568209443,-6.81132145670069,0.3482129754,17.1276809595956,4.44,-5.2,1.43
"627",199904,3.46992842563427,-6.84422154195522,0.3213553368,17.2897170734987,4.44,-0.08,1.48
"628",199905,-2.7978115935136,-6.8814836227658,0.2726646908,15.6825876412568,4.29,0.21,1.65
"629",199906,5.02051530802135,-6.8562164221845,0.3085638446,16.0231135420468,4.5,-1.85,1.65
"630",199907,-3.53202436156324,-6.90924492765927,0.2409247427,15.4227446767241,4.57,-0.78,1.7
"631",199908,-0.915376146344588,-6.87277042514485,0.1611182443,15.879647268894,4.55,-0.77,1.84
"632",199909,-3.17791562497987,-6.86260813914241,0.2729877151,15.6243026893102,4.72,-0.53,1.77
"633",199910,5.76379440651257,-6.8297674263774,0.270494543,16.3684498229112,4.68,0.84,1.78
"634",199911,1.56663576545787,-6.88940814135248,0.4875933946,15.7690660728922,4.86,-0.12,1.65
"635",199912,5.28551218317417,-6.90727060382497,0.1354258057,15.55459671191,5.07,-0.61,1.55
"636",200001,-5.56699434347805,-6.96248443255145,0.1148771651,14.7167259434962,5.2,-1.55,1.62
"637",200002,-2.3907086203846,-6.90884271048704,0.5206353996,15.4654160043841,5.32,2.28,1.34
"638",200003,8.85250222214163,-6.88713469737041,0.3000421976,16.705643264149,5.55,2.64,0.91
"639",200004,-3.50254040308029,-6.97806550216304,0.6678340149,14.9973561789802,5.69,3.67,0.489999999999999
"640",200005,-2.5991574325623,-6.94793959312307,0.7941721182,15.2600418197925,5.66,-0.76,0.64
"641",200006,1.98776772966854,-6.92693629652366,0.518549797,15.566873114332,5.79,-0.54,0.61
"642",200007,-2.04651617447249,-6.95174466580821,0.2359742922,15.6777961585262,5.69,2.44,0.529999999999999
"643",200008,5.47697047270968,-6.94241795184506,0.2065471217,15.5674151006647,5.96,1.73,0.15
"644",200009,-5.90059778855365,-7.00854713295606,0.1039275447,14.6053064043633,6.09,2.4,-0.149999999999999
"645",200010,-0.90894400452023,-6.96083409527847,0.1599982623,15.3789462878596,6,-1.57,0.12
"646",200011,-8.75524000625447,-6.95742323606923,0.556807294,14.930078887158,6.11,1.87,-0.11
"647",200012,0.0274847754881191,-6.87552043723062,0.3272437096,15.7280892925701,6.17,3.19,-0.41
"648",200101,3.075382766059,-6.88112138192883,0.5299358621,15.1851503649205,5.77,2.43,-0.189999999999999
"649",200102,-9.98099113258581,-6.921295270727,0.4941047714,15.0449666221905,5.15,0.05,0.47
"650",200103,-6.88886086018443,-6.83062555281874,0.252844686,15.607009127122,4.88,1.91,0.61
"651",200104,7.18455857803138,-6.77046657938167,0.7139632405,13.3113551448231,4.42,-0.74,1.17
"652",200105,0.311184925651274,-6.85048087114015,0.7426209725,12.2496900603682,3.87,-3.13,2.06
"653",200106,-2.71585846631383,-6.86160174567672,0.2536247072,12.0510187998605,3.62,0.37,2.32
"654",200107,-1.2671851277612,-6.84236059646658,0.1508369233,12.5209432831343,3.49,0.85,2.41
"655",200108,-6.78967785358653,-6.83046775167756,0.2899594508,12.4966583282288,3.51,3.76,2.1
"656",200109,-8.61952328130801,-6.76315131782054,0.2221485474,13.2164143814656,3.36,2.06,2.1
"657",200110,1.73755099277151,-6.67683499876753,0.7167587115,14.8628588215564,2.64,0.81,2.78
"658",200111,7.20776107568139,-6.69468745928469,0.3249757522,14.4901399571071,2.16,4.64,2.9
"659",200112,0.727978449701509,-6.76708708908431,0.2189351207,13.3481366666032,1.87,-4.71,3.66
"660",200201,-1.5910786091169,-6.77454766766142,0.1797954638,13.1217845913788,1.69,-1.83,4.06
"661",200202,-2.12415451489391,-6.75906309109366,0.2183888932,13.2560548667954,1.65,1.38,4.04
"662",200203,3.57313168512218,-6.73829004638517,0.2567831979,13.0119085686796,1.73,1.15,3.9
"663",200204,-6.35925636722934,-6.77458200949115,0.2014824398,23.6833402300857,1.79,-4.36,4.25
"664",200205,-0.931989666714184,-6.70467067425762,0.2319716788,24.7732312552071,1.72,4.1,4.03
"665",200206,-7.52906778768364,-6.68906340063755,0.4101624997,24.8255614069257,1.73,0.15,4.05
"666",200207,-8.22310031280278,-6.60739639895063,0.3707969279,26.6572501776804,1.7,1.87,3.96
"667",200208,0.496389823855546,-6.53010695294894,1.5342791354,28.2032194482979,1.68,3.03,3.76
"668",200209,-11.6292751865891,-6.54000194921235,0.9409277858,28.4411555995003,1.62,4.64,3.48
"669",200210,8.30802507833649,-6.42850388106716,0.7366061248,32.4555155463847,1.63,4.17,3.17
"670",200211,5.58975563202089,-6.50562074856063,1.1589679135,29.3437063754566,1.58,-2.94,3.5
"671",200212,-6.16991396978919,-6.55536932248131,0.4449081113,27.697549934051,1.23,-1.22,3.98
"672",200301,-2.72029958553361,-6.48742093109291,0.26394797,29.5385895618367,1.19,5.07,3.65
"673",200302,-1.65232819082039,-6.45651765195709,0.5167513391,30.5942307150939,1.17,-1.06,3.78
"674",200303,0.897438287778546,-6.43627163827954,0.2564160074,31.2251320581896,1.17,3.29,3.55
"675",200304,7.84577572801674,-6.44150789979723,0.6136132637,28.6117700799217,1.13,-1.35,3.73
"676",200305,5.01531022193296,-6.5206481810542,0.306482826,26.9654030609894,1.13,1.02,3.68
"677",200306,1.18838788154314,-6.57150825075996,0.2228351412,25.8375506107509,1.07,5.92,3.29
"678",200307,1.67046587027314,-6.58399301917822,0.1997740957,25.448833726539,0.92,-1.54,3.6
"679",200308,1.82826489026637,-6.59143242255538,0.2046059398,24.7643334789637,0.9,-9.82,4.52
"680",200309,-1.14124619671266,-6.60057800101472,0.096602471,24.2856073345992,0.95,1.66,4.37
"681",200310,5.40735860929209,-6.58006482040803,0.1869121696,24.6541782633706,0.94,5.46,3.96
"682",200311,0.76757139955239,-6.61763893093495,0.1407575956,23.3308966674458,0.92,-2.83,4.26
"683",200312,5.00712588133335,-6.6090617941973,0.0919633307,23.3754152107335,0.93,-0.27,4.26
"684",200401,1.76914690877409,-6.64314241410468,0.0893698745,21.8739864754122,0.9,1.39,4.21
"685",200402,1.26559175833529,-6.6480938026041,0.0978818637,21.8027721020169,0.88,1.87,4.11
"686",200403,-1.59444592469152,-6.64819791869995,0.0610711871,21.6053220356919,0.93,2.3,3.9
"687",200404,-1.63464067130031,-6.61981573885666,0.1981262917,28.1731465479788,0.94,1.41,3.8
"688",200405,1.25293600855983,-6.59224962253762,0.1230928287,28.5371866800579,0.94,-5.88,4.37
"689",200406,1.81292873355037,-6.59373979031183,0.0977626446,28.6411573890042,1.02,-0.51,4.37
"690",200407,-3.4579779859543,-6.60115766012667,0.0770751374,27.9631602954536,1.27,1.21,4.05
"691",200408,0.248317858838133,-6.55626293152022,0.0777089179,28.778830952759,1.33,1.55,3.9
"692",200409,0.937800778772847,-6.54864422148801,0.144283658,28.6820615849152,1.48,3.95,3.45
"693",200410,1.38701644463239,-6.54815824461917,0.0705680226,28.948530148498,1.65,0.96,3.23
"694",200411,3.75179719700286,-6.55723383650297,0.1230486751,29.1009596638035,1.76,1.54,3.02
"695",200412,3.14551211000528,-6.59028457789108,0.0857400237,27.9831645892509,2.07,-2.34,2.95
"696",200501,-2.61665383059433,-6.61743213323919,0.072784311,27.0619242678992,2.19,2.5,2.65
"697",200502,1.79937929355779,-6.57848115125572,0.082139651,27.8179856128824,2.33,3,2.32
"698",200503,-2.01568953971121,-6.58404834293653,0.083444623,27.1041023645231,2.54,-1.28,2.25
"699",200504,-2.1154881785288,-6.55175677934481,0.0859895714,31.9856889342483,2.74,-0.72,2.14
"700",200505,2.85944788174683,-6.51997242549512,0.182587057,32.962440066284,2.78,3.73,1.83
"701",200506,-0.115199963953269,-6.53814390360068,0.0859392683,32.0965504591363,2.84,2.97,1.56
"702",200507,3.40808679401612,-6.52678764247436,0.0542132596,32.6979056873159,2.97,1.67,1.32
"703",200508,-1.26953158585163,-6.55346397169615,0.0649913288,31.5734274606213,3.22,-2.88,1.34
"704",200509,0.553398544321601,-6.53359273534867,0.0696700677,32.0533124713784,3.44,3.33,0.88
"705",200510,-1.94884874767147,-6.53200496274456,0.0659899331,31.7891509835647,3.42,-3.38,1.22
"706",200511,3.2817168684837,-6.50260535493778,0.1817984292,32.1808187109857,3.71,-1.96,1.13
"707",200512,-0.270727696553856,-6.52581771820767,0.0539896415,31.0914345628811,3.88,0.76,0.93
"708",200601,2.30783821398138,-6.5136237935136,0.043300026,31.3477956613016,3.89,2.67,0.72
"709",200602,-0.176270603557752,-6.5302854789897,0.09753876,30.9226257862503,4.24,-1.18,0.5
"710",200603,0.874867062044079,-6.52232360858472,0.064855102,30.5610361116341,4.43,2.38,0.14
"711",200604,0.971782970989052,-6.52501369755266,0.0545238144,31.6009440721844,4.51,-5.39,0.56
"712",200605,-3.38082205517625,-6.52758792938548,0.0599800467,30.8841977841392,4.6,-2.47,0.72
"713",200606,-0.236067899451357,-6.48676442789533,0.1355149012,31.4340307530862,4.72,0.1,0.63
"714",200607,0.249939457095368,-6.47752032698714,0.2102820483,31.4850289949436,4.79,0.92,0.52
"715",200608,1.84511967290542,-6.47326425748005,0.1451664947,31.3852175281252,4.95,1.99,0.23
"716",200609,2.17710889893467,-6.48507261470705,0.046923828,30.8461798675881,4.96,2.99,0
"717",200610,2.84022680200835,-6.50018387051465,0.0513377211,30.0593283540556,4.81,1.7,0.0300000000000002
"718",200611,1.36881131827421,-6.52036385224314,0.045057734,29.0599160812302,4.92,0.77,-0.11
"719",200612,0.996432606236318,-6.5259707883695,0.0592202888,28.7241867691928,4.94,2.07,-0.270000000000001
"720",200701,1.12722944663257,-6.52789587343579,0.0357508939,28.1682399714358,4.85,-2.36,0.0600000000000003
"721",200702,-2.47742338560578,-6.53371900192742,0.0450484789,27.8144210482115,4.98,-1.02,0.0399999999999998
"722",200703,0.731637201130082,-6.50355834573381,0.1476815008,28.6148494167645,5.03,3.35,-0.260000000000001
"723",200704,3.97745168525078,-6.50548112050326,0.1587550992,26.9050013461093,4.94,-1.45,-0.010000000000001
"724",200705,2.95083442119394,-6.53906110823399,0.0582143695,25.445616893962,4.87,0.85,0.0199999999999999
"725",200706,-2.03616391989981,-6.56236874580311,0.0696549619,24.3911494125399,4.73,-2,0.369999999999999
"726",200707,-3.50002678687056,-6.53574416348761,0.1472429033,24.7895609973513,4.61,-0.91,0.6
"727",200708,1.07965290934277,-6.49300057884461,0.2426262109,25.1584964399992,4.82,2.84,0.19
"728",200709,3.3403294629168,-6.49564683125969,0.5134044114,24.883985118763,4.2,1.99,0.67
"729",200710,1.29322847116375,-6.52078150284376,0.1868431408,23.9207436712337,3.89,0.12,1
"730",200711,-4.62191334517739,-6.52622195609483,0.1682891171,23.8617060131547,3.9,1.55,0.9
"731",200712,-0.959018251066142,-6.47199126318273,0.5636820058,24.8579691603103,3.27,4.68,1.18
"732",200801,-6.37164926690463,-6.45422107942549,0.2345332983,25.0582973142723,3,-0.29,1.5
"733",200802,-3.538579421993,-6.384279242337,0.4831798632,26.2754422309171,2.75,2.13,1.61
"734",200803,-0.524535401985194,-6.34211791161663,0.3225655069,27.0979321039283,2.12,0.18,2.26
"735",200804,4.70854385208763,-6.32940455728982,0.6337648871,25.405756718033,1.26,1.06,3.06
"736",200805,1.08759652068812,-6.37103824896939,0.2903691385,24.3014696418835,1.29,-2.88,3.29
"737",200806,-8.95648245001487,-6.37686168231136,0.164066209,24.6510612169972,1.73,-1.64,3.02
"738",200807,-0.937650132874816,-6.28220685285636,0.3425176843,27.4491388113314,1.86,2.2,2.74
"739",200808,1.25540383823275,-6.2706513539741,0.446591099,27.3815655096405,1.63,-0.25,3.02
"740",200809,-9.40625905216204,-6.28112366184024,0.3447891326,26.9889245509397,1.72,2.42,2.77
"741",200810,-18.3729032303664,-6.18430108537796,2.3774695392,28.7123548244992,1.13,1.12,3.3
"742",200811,-7.53062556393801,-6.00407418138552,5.8088492612,33.4099373619975,0.67,-3.83,4.11
"743",200812,1.03816811072991,-5.9317148402416,3.6257085139,35.2867355907324,0.19,14.43,3.53
"744",200901,-8.68359546985723,-5.94497472592536,2.0089946671,35.4984224721098,0.03,9.67,3
"745",200902,-11.3578874702306,-5.86880644561519,1.1971096875,38.9393140237424,0.13,-11.24,3.81
"746",200903,8.46203491971538,-5.76591300584436,0.996116235,44.1103054964441,0.3,-0.56,3.71
"747",200904,9.21850111806327,-5.86161533618256,2.0364427765,29.6528285223133,0.21,6.41,3.34
"748",200905,5.39384282019925,-5.97191103988238,0.7551065656,27.6227577459685,0.16,-6.49,3.94
"749",200906,0.23631521334266,-6.04458514231901,0.6381091354,26.5432047932257,0.18,-2.48,4.14
"750",200907,7.34820116094212,-6.06618296708933,0.3472522931,26.7107848940452,0.18,0.83,4.11
"751",200908,3.48632597133946,-6.16000110519113,0.3771153218,24.6004790870959,0.18,0.19,4.12
"752",200909,3.68825361490002,-6.21581506498716,0.2177735359,23.7594089475037,0.17,2.31,3.98
"753",200910,-1.81378838507366,-6.27425201963137,0.1912657649,23.231002401084,0.12,1.76,3.91
"754",200911,5.747788112033,-6.27537672098338,0.3898019078,23.2299260866924,0.07,-1.71,4.13
"755",200912,1.92458447507384,-6.35269445486708,0.2001332418,21.8104871607487,0.05,2.08,4.01
"756",201001,-3.60009371513848,-6.39232186752121,0.0933454146,21.636451685598,0.05,-5.84,4.53
"757",201002,2.96869447967792,-6.36212833741894,0.1991704538,22.4117020103642,0.06,2.63637,4.34589
"758",201003,5.85674259451235,-6.39778108911842,0.2373256284,21.8518468300072,0.11,0.31542,4.29712
"759",201004,1.60582425425024,-6.46250911083605,0.0633436921,38.1878170297781,0.15,-1.78755,4.42777
"760",201005,-8.39840844318317,-6.47513864119993,0.1793867389,37.6606129202506,0.16,3.03965,4.21358
"761",201006,-5.37082598384879,-6.38758912960315,0.8107791315,40.900279481445,0.16,4.36836,3.9081
"762",201007,6.80560706716783,-6.33018695506024,0.5591726203,42.4176541484466,0.12,4.45643,3.64074
"763",201008,-4.69798713705506,-6.3919342855323,0.3348826286,39.6133553221211,0.16,0.24381,3.60576
"764",201009,8.54344252432576,-6.3385766598328,0.2704606607,41.3981619056748,0.16,7.02126,3.11078
"765",201010,3.76665008227946,-6.41778172888765,0.2337191945,38.4305782787436,0.15,-1.53301,3.2563
"766",201011,-0.081528045319716,-6.44838338753732,0.1080044425,37.2887285940423,0.13,-3.17387,3.54157
"767",201012,6.46447860049537,-6.44053022534462,0.173791556,37.669475432536,0.14,-1.37264,3.66256
"768",201101,2.37547603678914,-6.49825723539688,0.0832119987,35.8100316907522,0.14,-3.88143,3.99782
"769",201102,3.2803698429917,-6.51040763789268,0.0863240376,34.8632223701283,0.15,-1.96,4.17
"770",201103,0.0340461320884613,-6.53172549790343,0.1065548849,33.9096573463522,0.13,1.13,4.13
"771",201104,2.94963262404415,-6.52064067525333,0.2347268804,35.4269939357437,0.1,-0.06,4.19
"772",201105,-1.21382331228552,-6.53587485986012,0.0636542239,34.0696801227739,0.06,1.99,4.1
"773",201106,-1.69248098234493,-6.50958258515258,0.0934190756,34.7222189073962,0.04,3.55,3.87
"774",201107,-2.01552615601661,-6.47861622500244,0.2294748545,35.1570039164386,0.04,-1.79,4.05
"775",201108,-5.67831687333566,-6.44547029160111,0.1830759215,35.9418903027528,0.04,4.22,3.74
"776",201109,-7.2622503382042,-6.37569457399085,1.9222198801,37.5812522118598,0.02,8.62,3.13
"777",201110,10.3990363359798,-6.29004566786849,0.6915735556,39.9922847000654,0.01,7.04,2.64
"778",201111,-0.334307609741222,-6.37601893508122,0.7400881376,36.5077904577244,0.02,-3.06,2.89
"779",201112,1.02377094086996,-6.35487662300661,0.7679542724,36.2329897523427,0.01,2.51,2.72
"780",201201,4.43310945323815,-6.34755653970664,0.2764064595,35.7232540703708,0.01,2.7,2.54
"781",201202,4.13611695480024,-6.37857843848554,0.0648155892,34.5487302608821,0.03,0.02,2.46
"782",201203,3.24019268404819,-6.40686155830089,0.0623690891,33.6973935440435,0.09,-1.96,2.63
"783",201204,-0.594396448072212,-6.42633972555661,0.1155301821,34.6181967357047,0.08,-3.02,2.89
"784",201205,-6.29952571887307,-6.40709866973997,0.1627533651,34.6140311178684,0.08,4.09,2.6
"785",201206,4.04487073684398,-6.3308197692871,0.1496092692,36.9047359694032,0.09,6.43,2.12
"786",201207,1.41706772600343,-6.35816533507487,0.3437257935,35.510388514366,0.09,-1.36,2.24
"787",201208,2.12137704469657,-6.35584669657698,0.1552865531,35.1593705126116,0.1,2.47,2.06
"788",201209,2.55655193827929,-6.36079665018202,0.0727125536,34.9387052320554,0.1,-0.68,2.13
"789",201210,-1.82940102290297,-6.37033374551556,0.1044683038,34.0382953800402,0.11,-1.46,2.24
"790",201211,0.457221918994925,-6.33185240981536,0.0925525683,34.9237122092535,0.1,-0.14,2.28
"791",201212,0.880923263137254,-6.31653737756006,0.1902650589,35.1137530919928,0.09,1.44,2.19
"792",201301,5.08920622999923,-6.30574696414567,0.1035712328,34.9032443182078,0.07,-2.02,2.39
"793",201302,1.26658644302009,-6.34575946913528,0.0906769853,32.9984026642464,0.07,-3.32,2.84
"794",201303,3.69842528556212,-6.34765769692313,0.1242765683,32.5431232296583,0.1,1.14,2.75
"795",201304,1.95678413736526,-6.37399350343539,0.048449909,34.6129996556582,0.09,-0.62,2.78
"796",201305,2.21957294262494,-6.38000582094191,0.1682729789,34.0036253857869,0.06,3.78,2.58
"797",201306,-1.34302583701666,-6.38878437444472,0.1015559735,33.3832597778317,0.04,-6.29,3.05
"798",201307,4.99062957143724,-6.36203676058246,0.2247641145,33.8444357997532,0.05,-2.85,3.25
"799",201308,-3.00967587402964,-6.39898038405966,0.0502077107,32.5562565082577,0.04,-1.73,3.4
"800",201309,3.10023962338242,-6.35597501221394,0.095043767,34.0713327405031,0.04,-0.79,3.47
"801",201310,4.52284488335275,-6.37420765502408,0.0622229362,33.3521484606075,0.02,0.61,3.47
"802",201311,2.92094030438216,-6.41215549427285,0.1438361389,32.4594824952157,0.05,1.28,3.37
"803",201312,2.48075568315492,-6.43416873953798,0.0644417423,31.3685278443108,0.07,-2.36,3.54
"804",201401,-3.46110186656483,-6.45183996371242,0.0745535971,30.4408125641715,0.07,-2.07,3.71
"805",201402,4.37755547274037,-6.40390667455508,0.1303568866,32.1429276666762,0.04,5.48,3.38
"806",201403,0.847768262947126,-6.43455351602612,0.1253562652,30.9163071761476,0.05,0.74,3.34
"807",201404,0.777481165945458,-6.43002747233224,0.0869064252,35.0616065710435,0.05,0.63,3.32
"808",201405,2.23886792426507,-6.42565619163781,0.1362664416,34.801131908878,0.03,1.81,3.23
"809",201406,2.04335126595352,-6.43602566035419,0.0555192696,34.517325599967,0.03,2.79,3.06
"810",201407,-1.35915605904044,-6.44456983434657,0.0281998742,34.2928458512118,0.04,-0.25,3.09
"811",201408,3.85232126223113,-6.41949087728158,0.0949120989,34.8379851841119,0.03,0.57,3.07
"812",201409,-1.40269691813517,-6.44666705287448,0.0546197032,33.7476203983402,0.03,3.69,2.84
"813",201410,2.45210972611181,-6.4213389677883,0.0721013485,33.8576181283702,0.02,-1.7,2.98
"814",201411,2.57965792060222,-6.4360953808801,0.294396435,33.1808364557241,0.02,3,2.8
"815",201412,-0.262713231235003,-6.45221923851198,0.0150262084,32.3661786020381,0.02,2.86,2.62
"816",201501,-2.98926376399466,-6.43997361949695,0.1992841299,32.37556717221,0.03,2.9,2.43
"817",201502,5.50187853580988,-6.39698402094,0.222664808,33.6168762507319,0.03,7.09,1.97
"818",201503,-1.59310930616555,-6.43909589789241,0.081351946,31.8227291026709,0.02,-5.23,2.36
"819",201504,1.0109727296969,-6.41034656642775,0.1720379577,30.7454045089705,0.03,1.37,2.27
"820",201505,1.20570132957967,-6.41121947901336,0.0574337753,30.6344209697924,0.02,-2.5,2.47
"821",201506,-1.95675988063313,-6.41410190113808,0.0887003065,30.344995302787,0.02,-1.59,2.6
"822",201507,2.11868519948303,-6.38536867417881,0.1052136304,31.0186832664473,0.02,-2.98,2.83
"823",201508,-6.28992248645754,-6.39880104307708,0.1159778077,30.8953264751671,0.03,3.29,2.6
"824",201509,-2.49720573524963,-6.3280961919523,0.5846996398,33.0670987407453,0.07,0.12,2.57
"825",201510,8.14166306078776,-6.29525408502453,0.4053479226,33.561195477964,0.02,1.74,2.51
"826",201511,0.212949656693607,-6.36811642977949,0.1618901032,30.9413628298744,0.02,-0.53,2.57
"827",201512,-1.61099050711967,-6.36181083578768,0.1118721466,30.8429157693714,0.12,-0.65,2.53
"828",201601,-5.04155048616973,-6.33736090852098,0.2838565464,31.3648814377938,0.23,-0.22,2.45
"829",201602,-0.251170734728275,-6.28155078088902,0.430124822,33.1910629588918,0.26,4.76,2.1
"830",201603,6.54369144468365,-6.27368531910559,0.2601507108,33.090182544728,0.31,2.94,1.86
"831",201604,0.428072126874581,-6.33387559322519,0.1274176685,32.7954791295945,0.29,-0.03,1.89
"832",201605,1.6741005325694,-6.33214485814725,0.0817783982,32.6320888686842,0.23,-0.53,2
"833",201606,0.244914036301821,-6.34294631104297,0.0995577082,32.6072119276783,0.27,0.82,1.92
"834",201607,3.64507784165239,-6.33946911845899,0.286443662,32.3475361670586,0.27,5.9,1.52
"835",201608,0.0249733336789127,-6.37022639844347,0.0477647373,31.4661158925882,0.3,0.81,1.45
"836",201609,0.0252098584176078,-6.36479116424807,0.0279167559,31.5197425340527,0.3,-1.4,1.56
"837",201610,-1.81197392793235,-6.35935829853011,0.1673102815,31.6793886875517,0.29,-1.24,1.67
"838",201611,3.49505533493209,-6.33475746061835,0.0364069819,31.9687781453632,0.33,-3.14,1.87
"839",201612,1.93118079357409,-6.36340159494571,0.0946367815,30.3285786447935,0.45,-5.99,2.22
"840",201701,1.89795137291128,-6.37650383357062,0.0524021508,29.3479096879965,0.51,-0.57,2.21
"841",201702,3.77157014584474,-6.38926941271867,0.0335591948,29.1979649988941,0.51,0.43,2.27
"842",201703,0.0628825817197934,-6.42085613124489,0.0223899004,27.8677832601843,0.52,1.37,2.18
"843",201704,1.00132798049372,-6.41555482306952,0.0575306363,28.1598889332639,0.74,-0.4,2
"844",201705,1.2388945770097,-6.41861065405505,0.0390542047,27.7870026327992,0.8,1.45,1.85
"845",201706,0.560828714746581,-6.42416182966642,0.0503080676,27.6968767231841,0.89,1.58,1.67
"846",201707,1.9875083076564,-6.42304076646506,0.0447563219,27.2545227523084,0.98,-0.1,1.6
"847",201708,0.131713660720572,-6.43549219973894,0.02588621,26.5803678766795,1.07,-0.27,1.55
"848",201709,1.98532364898729,-6.42937065743288,0.0753374166,26.5113613645802,1.01,2.89,1.41
"849",201710,2.26200930799461,-6.44186603645586,0.0257243202,25.9706166791303,1.03,-2.05,1.56
"850",201711,0.425681202361393,-6.45857402221353,0.0218146482,24.8906198582722,1.07,-0.13,1.54
"851",201712,3.41906117219982,-6.45707687776292,0.0355330338,23.9727100743574,1.23,0.36,1.37
"852",201801,5.49576170736836,-6.48565961358101,0.0244097011,23.5393343095716,1.32,1.02,1.22
"853",201802,-3.94993329024288,-6.51866537032044,0.0774270143,22.2519148630236,1.41,-3.15,1.43
"854",201803,-2.70915621226228,-6.47893925468452,0.5361628255,23.2478065619357,1.57,-2.24,1.44
"855",201804,0.285288253503778,-6.45168674173073,0.32467318,24.7353533720488,1.7,2.59,1.15
"856",201805,2.13988787370619,-6.43485022347961,0.2362680505,24.6738915752029,1.76,-1.77,1.24
"857",201806,0.481055113463063,-6.45622842588224,0.0922723583,24.418530888774,1.86,1.64,1.03
"858",201807,3.5303479181373,-6.46105913937904,0.0622857619,24.5638363496543,1.9,0.07,1.01
"859",201808,2.96261618062565,-6.47034063914834,0.0654422762,23.4583704947853,1.96,-1.31,1.06
"860",201809,0.400733973364889,-6.50015496081153,0.0471240836,22.9617976637375,2.03,1.52,0.9
"861",201810,-7.21522435195374,-6.50444006753186,0.0230075132,22.5335232377035,2.13,-5.18,1.21
"862",201811,1.7383408997723,-6.40594265371282,0.4577565025,23.7380411030908,2.25,-2.04,1.27
"863",201812,-9.64532232881169,-6.42364443047211,0.2837615344,23.345140749104,2.33,5.05,0.84
